Name,Age,Sugar,Cholesterol,BP,Weight,Height (in feet),Urea,Creatinine,TLC,Dead
Robert,45,110.88,204.79,152.64,99.4,5.15,31.15,0.82,5362.5,1
Sophia,75,154.22,234.19,139.54,118.28,5.26,44.93,1.46,9700.33,1
Emily,59,143.28,197.53,178.75,59.43,4.84,12.44,0.83,4860.84,1
Robert,67,128.21,234.18,114.32,77.1,6.14,30.87,0.66,7295.04,0
Jessica,31,78.66,177.32,121.88,112.28,5.73,37.79,1.05,10988.42,0
Michael,54,71.26,225.82,99.53,143.47,6.02,40.39,0.89,8242.31,1
Jessica,79,159.35,213.04,103.09,83.84,6.01,26.33,0.92,7091.31,0
Michael,38,80.99,175.01,123.04,123.6,4.94,33.99,0.64,7453.2,1
Emily,61,166.61,249.05,114.73,119.7,6.42,39.91,0.62,9077.74,1
Emily,60,177.87,169.71,108.66,87.88,5.39,18.13,0.57,10301.04,0
Sarah,72,174.39,209.89,146.86,104.85,5.55,46.49,1.1,7117.13,0
Michael,81,85.71,223.99,133.97,61.05,5.91,37.39,1.29,6311.25,0
Sarah,69,117.18,200.11,139.71,131.84,6.01,10.67,0.92,8511.91,0
Robert,77,135.6,273.8,109.61,72.32,5.51,31.84,1.22,7855.81,0
Jessica,30,129.23,236.2,95.44,50.74,5.08,46.6,1.28,5962.7,0
Emily,25,77.99,242.45,178.45,109.58,6.22,21.49,0.68,7335.5,0
Jessica,18,150.11,198.21,135.05,147.16,5.27,32.82,1.09,10452.38,1
Sarah,66,182.47,152.5,96.63,97.16,6.23,36.96,0.53,6307.93,1
Jessica,74,81.16,185.38,128.41,53.05,5.4,41.39,1.36,5931.88,0
Robert,52,131.83,182.8,147.77,131.24,4.91,31.62,1.26,4711.78,0
Michael,83,179.91,216.07,112.57,69.5,5.14,41.06,1.09,5693.07,0
Emily,44,178.99,294.24,149.88,79.84,4.71,22.7,0.91,8449.79,1
Jessica,71,146.34,206.15,167.32,132.9,4.62,44.38,0.61,7429.81,1
Robert,87,73.21,270.53,106.02,66.75,4.93,25.03,1.11,5141.93,0
Laura,44,124.52,252.95,86.5,128.73,6,20.4,0.53,8456.09,1
Sarah,32,74.88,169.73,82.44,110.41,5.83,13.95,1.19,5959.89,0
Laura,65,131.96,278.64,107.69,141.84,5.27,49.38,0.86,9874.64,0
Laura,36,161.99,252.3,173.42,75.87,6.45,40.77,1.03,9023.76,1
John,73,192.71,182.64,177.47,133.47,5.19,40.73,1.05,7507.18,1
Robert,74,128.25,169.54,160.81,130.69,5.52,39.48,1.4,6895.62,1
John,86,151.84,296.52,115.84,89.62,4.86,43.91,0.61,5250.17,1
Laura,64,104.78,181.56,164.66,103.03,5.76,47.46,0.93,4552.41,0
Laura,61,118.02,188.33,113.57,142.24,6.04,15.54,0.98,9584.5,1
James,65,182.47,230.35,89.73,116.72,5.3,37.5,0.77,6987.35,1
Michael,42,95.92,286.59,116.74,103.86,5.88,22.12,1.38,6211.59,0
Robert,82,79.96,298.73,176.74,76.57,4.89,29.29,0.5,8856.47,0
Jessica,29,166.7,181.09,172.56,75.7,6.35,26.42,1.04,6036.02,0
John,24,103.91,263.73,175.19,79.74,6.4,13.01,1.07,6962.81,1
Laura,19,122.18,212.37,125.84,101.08,5.81,46.41,1.04,6631.82,1
Sophia,64,150.01,255.28,176.62,110.99,5.13,10.22,1.48,8717.04,0
Sophia,31,157.23,290.78,102.97,120.11,4.76,28.38,1.01,10590.23,1
Jessica,34,169.39,264.92,133.89,63.81,4.55,18.21,0.83,9141.97,1
Emily,34,138.45,268.79,169.71,119.48,5.82,15.57,0.94,7923.22,1
Sarah,81,74.74,280.29,179.4,122.14,4.78,12.52,0.52,8792.67,0
Laura,22,115.41,287.83,113.34,106.42,5.28,34.22,1.25,8681.28,1
Emily,48,189.27,221.44,119.65,137.19,5.76,36.46,1,9522.7,1
James,78,107.18,204.65,105.23,71.11,6.35,41.56,1.48,10320.79,1
James,87,161.94,218.16,93.89,132.27,6.26,38.78,1.08,7293.26,1
Sarah,51,197.35,282.33,129.09,72.98,5.63,41.38,0.71,6721.86,0
Robert,52,129.21,282.95,109.12,57.71,5.91,22.74,1.06,6163.64,1
Daniel,54,194.82,284.7,131.71,145.73,5.71,12.89,1.23,6360.51,0
Laura,30,94.97,238.88,175.67,116.93,5.87,30.37,0.82,7851.83,0
Laura,66,136.22,175.07,108.32,56.44,5.85,38.4,1.17,6938.54,1
John,85,113.79,191.85,80.56,127.08,5.95,29.3,0.78,6329.45,0
James,66,155.79,222.05,85.45,104.27,6.45,44.05,0.95,5085.23,0
John,29,166.09,259,154.29,126.33,6.15,22.4,1.44,6335.38,1
James,51,70.54,175.85,157.24,130.14,6.49,44.53,0.99,10506.03,1
James,42,122.31,187,89.87,95.61,4.7,19.56,0.65,9280.85,0
Daniel,84,130.76,257.4,156.26,63.15,5.98,24.35,1.05,5674.14,1
Daniel,52,104.87,275.26,86.55,65.35,5.39,26.26,1.3,5623.97,0
Jessica,42,100.26,185.01,133.74,139.21,5.92,36.38,1.38,4164.75,1
Michael,82,169.75,254.75,151.15,116.68,5.38,11.11,1.12,8409.87,1
Sophia,42,113.23,249.02,141.32,138.31,4.76,34.23,1.1,7890.3,1
Michael,65,166.61,250.33,173.49,63.33,5.95,20.3,0.71,6740.93,1
Sarah,20,71.08,153.1,120.62,83.16,4.91,15.66,1.18,8967.72,1
Emily,83,159.8,212.88,138.53,80.71,4.75,30.69,0.69,7456.77,0
Daniel,71,146.01,275.39,141.95,133.09,5.53,42.16,0.88,10988.37,1
Emily,37,188.92,208.11,162.43,143.69,5.63,42.17,0.84,6062.17,1
Jessica,39,93.31,179.02,100.47,55.73,5.61,23.66,0.68,9587.69,1
Daniel,48,176.93,193.27,143.24,117.7,5.18,40.7,0.63,10817.16,0
Sophia,23,132.34,214.5,161.48,149.03,5.01,40.78,1.21,4548.81,1
John,41,92.38,150.39,113.79,81.52,5.52,18.96,1.03,6082.17,1
James,87,137.75,290.17,122.52,149.89,5.02,33.76,0.86,10888.53,0
Jessica,38,143.66,183.93,155.84,68.31,5.8,46.6,0.51,7131.65,1
Sarah,22,74.55,161.8,100.3,59.31,6.24,41.52,1.04,9552.75,0
Robert,69,161.12,160.52,123.26,71.03,5.82,42.96,1.44,5416.24,1
James,55,113.14,196.29,117.65,129.16,5.89,38.82,1.04,6653.57,1
James,35,164.15,259.43,81,119.73,5.38,19.76,1.37,9579.01,0
Sophia,47,194.47,230.66,91.56,129.26,5.24,12.74,1.44,9665.74,0
James,54,185.73,151.36,144.7,125.35,4.55,44.69,0.53,9266.53,1
Daniel,57,195.33,258.23,159.4,109.82,6.36,21.27,1.01,9158.49,1
Jessica,18,185.93,227.7,109.51,56.43,6.14,13.44,0.93,9057.59,0
Daniel,74,197.5,207.84,110.46,87.51,5.27,17.5,1.42,6975.57,0
Daniel,59,77.66,180.76,136.64,72.3,4.88,13.83,0.77,6549.67,0
Sarah,27,144.73,293.69,100.94,71.11,5.05,13.28,0.59,9554.97,1
James,53,81.68,264.49,80.29,108.99,5.86,30.24,0.73,8436.54,1
Laura,79,80.05,257.64,171.1,116.94,5.79,38.62,1.24,10161.13,0
Laura,48,154.49,177.7,139.3,62.75,6.4,39.05,1.16,6547.82,0
Sarah,83,163.63,284.01,151.56,123.9,5.56,16.73,1.4,4569.62,0
James,24,193.24,293.9,104.33,113.41,5.7,31.85,0.61,6655.3,1
Jessica,42,164.14,210.37,87.35,130.25,6.37,43.74,1.04,6331.8,1
Sarah,65,188.89,211.49,107.86,142.17,6.48,42.26,0.6,10511.74,1
Jessica,44,183.43,208.2,109.26,94.55,5.51,27.72,0.78,7291.91,0
Michael,21,133.85,203.5,152.11,110.04,4.98,49.67,1.11,6353.66,0
Jessica,87,116.28,190.11,151.95,56.81,5.2,32.03,1.04,9240.03,1
Michael,73,150.61,279.94,80.4,100.66,4.99,32.86,1.13,10196.79,0
Michael,62,79.16,253.98,127.1,99.07,4.82,46.91,1.29,7343.37,1
Sophia,79,78.05,261.31,97.38,132.24,5.25,40.67,1.35,5948.13,1
Jessica,62,137.45,265.38,171.81,71.8,5.77,31.14,0.91,4588.65,0
Michael,62,148.51,273.48,135.66,102.21,6.32,23.17,1.43,9565.9,1
James,49,118.17,260.61,145.34,135.15,4.88,10.06,1.35,5345.6,1
Laura,22,175.92,252.38,140.37,134.77,6.13,19.47,0.53,9768.88,0
Robert,40,99,215.48,111.53,58.48,5.8,11.29,1.24,5277.18,0
Daniel,59,125.41,179.96,142.54,58.1,5.56,38.53,1.23,6992.19,0
Emily,89,90.55,226.36,136.28,110.13,5.23,39.8,1.11,8036.78,1
John,81,156.31,161.2,134.23,59.87,5.68,20.05,0.68,10731.55,1
Laura,81,149.3,205.86,175.57,104.63,5.19,25.65,1.38,9840.61,1
Laura,55,142.04,183.89,120.1,62.56,4.51,30.43,0.53,5224.75,1
Sophia,64,140.97,195.98,117.67,93.96,4.66,47.01,0.73,5128.82,1
Laura,48,76.22,222.11,80.73,79.93,5.38,21.41,0.94,6492.64,1
John,56,183.27,159.94,88.13,143.13,5.11,41.27,1.13,7715.5,1
Laura,68,127.79,282.27,119.79,105.22,5.49,14.66,0.85,9207.03,1
Michael,42,105.85,286.73,169.23,116.18,4.51,14.55,1.15,6969.57,0
Laura,19,105,290.38,164.21,109.63,6.1,39.99,0.67,8484.69,1
Laura,53,187.02,265.25,114.83,148.76,5.84,38.48,1.01,4213.41,1
Laura,50,154.01,295.14,87.45,80.34,5.27,28.16,0.64,10951.68,0
Robert,88,141.03,262.67,88.62,86.14,6.4,41.81,0.85,9164.48,0
Robert,46,179.86,228.41,178.12,109.1,4.75,11.14,0.94,5210.48,1
Sophia,56,134,193.21,95.55,115.66,5.65,38.3,0.63,10703.05,1
Michael,71,195.22,280.68,169.72,94.58,6.24,15.66,0.59,7421.07,0
Robert,79,93.96,163.94,95.39,95.63,6.13,31.77,1.45,6354.97,1
Daniel,58,145.65,263.43,123.74,114.22,4.92,33.82,1.08,5979.41,0
Jessica,38,197.37,245.36,98.14,95.03,4.56,27.15,1.07,7133.17,0
Jessica,22,118.9,258.71,144.11,104.85,6.42,11.8,0.62,7410.14,0
Sarah,69,182.84,263.01,82.46,92.1,6.42,31.42,0.84,8625.21,0
Daniel,88,180.12,218.51,113.84,124.82,5,13.86,0.7,7519.48,1
Jessica,46,190.13,251.7,119.64,123.49,4.98,40.27,0.93,4615.78,0
Laura,32,103.15,210.1,97.45,56.13,5.36,34.15,1.26,10947.71,0
Sophia,44,130.51,239.74,109.41,107.07,5.96,26.19,1.41,6897.1,1
Sarah,60,152.37,158.36,159.93,123.27,5.93,11.11,0.85,7815.61,0
James,55,122.47,191.24,120.28,73.26,4.81,18.38,1.08,5402.47,0
Michael,84,77.83,231.25,159.9,98.65,5.81,14.33,0.63,5438.53,1
John,29,182.79,292.04,92.09,141.59,6.06,30.47,1.33,6252.5,0
Michael,62,131.66,297.9,141.17,116.19,5.98,35.49,1.12,8875.78,1
Jessica,53,104.52,251.55,128.08,107.61,5,25.74,1.15,10557.14,1
Daniel,66,150.22,221.12,174.16,57.24,4.68,40.64,0.65,5409.89,0
John,31,92.52,209.03,92.42,61.52,6.44,25.09,0.54,8991.19,0
Emily,53,199.29,289.37,92.34,79.55,4.72,24.25,1.23,9830.7,1
Laura,78,158.81,214.78,93.36,137.92,5.84,34.32,1.38,7975.06,0
Daniel,67,192.14,229.35,82.06,102.98,6.27,11.97,1.41,10945.98,0
John,69,166.95,161.43,124.82,148.86,5.26,17.97,0.79,7076.67,0
Emily,87,165.96,204.68,154.8,140.54,5.3,29.18,1.15,8264.75,1
Sarah,73,154.29,252.3,147.99,69.46,5.97,16.86,1.23,10134.71,1
Jessica,36,72.61,192.21,159.05,61.53,6,31.5,0.75,8918.76,0
Jessica,29,137.21,153.7,87.04,83.8,5.26,43.31,0.75,9777.95,0
Sophia,24,133.5,237.23,145.38,94.97,5.75,14.47,1.08,9575.47,0
Sarah,28,142.02,216.06,117.59,88.27,6,34.35,0.76,5331.14,0
Laura,83,116.36,257.48,99.87,135.08,4.6,25.38,1.49,10083.44,0
Michael,65,132.46,297.26,130.39,101.19,5.06,45.87,0.78,10964.07,1
Laura,28,127.44,297.78,91.62,61.74,4.63,48.14,1.46,9446.26,0
Jessica,86,196.46,244.53,149.02,84.55,5.61,33.32,1.3,4747.51,1
Michael,52,81.79,161.43,121.17,110.09,5.87,49.44,1.23,4449.03,0
Laura,39,153.26,271.25,119.24,108.01,5.6,49.06,1.07,8550.82,0
Sophia,65,111.92,255.53,84.4,147.67,5.91,46.17,0.63,10766.53,0
Jessica,73,124.27,207.33,161.41,53.66,5.49,43.1,0.65,6713.43,1
Emily,61,74.96,284.73,99.81,124.9,5.92,35.32,0.58,9952.96,0
Daniel,78,194.89,193.9,174.5,82.66,5.42,16.82,0.94,6043.74,1
Emily,57,196.94,172.75,91.62,83.03,5.48,36.88,0.67,9322.24,1
Robert,79,171.78,242.31,125.23,72.46,5.17,23.3,1.42,10799.6,1
Robert,56,89.86,247.42,82.79,104.51,4.51,38.9,1.18,6310.15,1
Emily,59,113.67,294.71,99.8,86.15,5.18,11.11,1.01,10911.99,1
Robert,59,183.49,193.39,120.86,102.66,5.47,16.79,0.97,9954.22,0
Robert,71,74.5,194.12,126.69,67.78,5.01,34.73,0.79,5717.3,1
Laura,86,105.68,264.77,175.28,111.07,4.64,32.32,0.57,5748.2,0
Robert,58,166.46,251.24,124.09,104.78,5.24,14.38,1.15,9082.83,1
Michael,66,168.17,276.85,172.73,135.4,5.06,43.56,0.57,10397.31,0
Jessica,78,99.23,206.14,122.97,107.25,5.92,17.22,0.55,4828.04,0
James,64,199.28,199.54,94.02,90.31,4.87,30.24,0.69,10463.17,0
Daniel,35,185.22,174.78,147.22,87.51,6.43,24.41,0.63,5515.58,0
Laura,57,141.55,253.49,120.01,144.94,5.99,47.41,0.73,6546.48,1
John,28,137,257.83,149.92,124.17,5.54,27.41,0.97,5562.46,1
Laura,75,145.73,201.18,137.48,79.13,5.42,25.53,1.13,7019.56,0
Laura,56,168.67,292.74,168.85,86.62,6.35,35.7,1.42,9927.28,0
James,54,184.11,260.19,164.9,87.6,4.74,31,1.21,10178.12,0
Emily,55,168.69,172.52,145.17,89.94,5.4,24.73,1.18,6134.98,0
Emily,84,114.41,272.74,179.2,115.89,6.36,31.84,1.36,8358.37,0
Laura,89,108.49,298.13,113.45,137.09,5.97,37.85,1.06,10408.49,0
Robert,24,128.84,289.29,135.13,81.64,5.95,32.14,1.32,8483.91,1
John,66,122.19,202.7,116.67,64.46,6.16,43.65,0.81,7832.65,1
John,58,177.83,175.92,99.53,111.25,6.06,33.44,0.68,4564.28,0
Michael,69,130.86,209.12,113.66,75.33,5.53,28.3,0.52,8335.56,1
Sophia,64,173.23,183.82,95.6,67.62,5.97,35.26,0.87,6767.84,1
John,33,101.03,289.35,115.3,109.78,4.78,17.86,1.42,9063.86,0
Jessica,41,170.12,240.96,93.2,98.96,4.5,43.48,1.39,6493.3,1
Robert,56,145.18,191.21,172.18,105.21,6.3,34.08,1.27,7110.54,1
John,62,148.21,299.48,121.46,80.29,4.82,41.07,1.49,4662.52,0
Robert,23,180.29,271.62,90.09,69.49,6.13,29.48,0.68,10008.41,1
Emily,63,128.85,222.13,96.37,79.76,6.42,40.9,0.6,9752.18,1
Michael,49,78.28,262.09,178.18,130.51,4.65,10.25,0.63,6253.13,0
John,31,113.44,238.1,113.48,119.95,6.23,25.32,0.58,6985.98,1
Sophia,89,102.21,188.76,157.79,135.59,6.31,13.1,1.01,7698.71,0
Michael,85,78.09,218.79,104.25,72.87,6.26,42.96,1.39,9439.3,1
John,24,181.65,164.26,145.08,131.04,5.28,42.75,1.27,4309,1
Robert,38,84.77,291.41,118.94,99.45,5.66,32.83,0.86,6418.06,1
Sarah,56,183.61,186.89,115.21,130.99,5.29,45.4,1.15,10476.07,0
Robert,79,94.52,245.5,137.9,66.28,5.71,42.47,0.89,5558.66,0
Sophia,83,116.32,242.56,83.25,100.8,6.47,33.58,0.66,5394.8,1
Jessica,51,76.14,163.41,122.06,106.82,4.88,36.54,0.96,9492.49,1
Sarah,74,83.76,180.32,154.62,51.55,5.61,29.04,0.65,7164.68,1
Emily,51,199.64,252.71,171.42,125.38,5.15,24.53,1.35,7561.97,0
Michael,80,103.3,281.44,147.11,139.85,5.88,16.65,0.53,7487.59,0
John,32,74.54,171.79,154.02,100.47,4.76,17.6,0.58,8223.71,1
Michael,51,159.13,201.03,134.96,69.87,6.12,45.17,1.26,10260.97,0
Daniel,37,166.93,246.39,152.64,54.58,5.36,40.78,1.47,4453.17,1
Robert,87,197.99,227.58,155.52,135.44,4.98,48.29,1.44,8131.84,0
Jessica,69,82.06,288.86,109.71,118.28,5.16,16.01,0.79,9793.16,0
James,22,84.96,258.74,148.32,108.73,5.39,19.54,1.27,10987.93,0
Michael,73,132.01,267.9,154.4,121.94,5.22,32.85,1.14,9752.9,0
Michael,26,103.77,189.45,129.42,144.56,5.29,24.64,0.8,8029.22,1
Jessica,43,185.34,217.07,133.89,94.7,6.06,20.36,1.13,10365.94,0
Emily,31,151.01,251.18,90.9,125.33,5.21,47.73,1.12,5690.42,0
Robert,43,162.91,225.16,159.08,119.87,6.18,49.51,0.72,9578.69,0
Laura,83,110.52,234.8,91.97,72.03,5.65,16.96,1.02,6819.27,1
Robert,72,199.61,162.34,136.08,70.31,5.24,15.33,1.25,6213.22,0
John,70,70.82,248.36,119.91,57.17,6.28,11.69,1.36,10844.5,1
John,56,193.77,284.63,144.89,78.41,5.21,13.67,1.49,9429.12,1
James,74,164.75,169.14,93.29,81.26,4.78,10.99,1.22,9657.95,0
Robert,55,162.1,165.73,127.71,117.13,6.32,22.27,0.86,7923.62,1
Daniel,19,145.3,222.18,176.34,141.04,5.99,28.25,0.72,4959,0
Michael,21,85.01,264.72,153.06,77.97,6.32,42.72,0.99,8654.75,1
Emily,22,198.55,157.64,168.89,94.27,5.23,23.4,0.73,9906.68,1
Daniel,28,88.75,160.79,164.74,139.84,6,32.5,1.3,4296.33,1
John,68,170.73,283.28,81.95,55.2,5.28,29.18,1.44,7588.59,0
Emily,74,82.71,169.96,132.39,81.04,5.11,38.63,1.34,8572.5,1
James,41,179.48,199.51,156.46,129.46,5.04,31.25,0.87,8275.03,1
James,53,148,279.17,95.42,113.26,6.2,40.18,1.31,4888.65,1
Laura,72,115.28,259.46,116.54,136.23,6.17,29.07,0.85,9248.93,1
Sophia,78,176.08,196.24,127.32,130.79,5.23,42.45,0.99,10915.17,1
Emily,22,119.89,240.24,171.42,60.4,6.22,39.85,1.11,8872.94,1
Sarah,25,128.07,254.26,87.38,58.5,6.16,21.49,1.45,6994.59,1
Sophia,25,178.03,250.36,159.26,100.85,4.62,11.62,0.54,4473.27,1
Sarah,25,190.54,189.03,110.94,135.13,4.55,20.33,1.3,5765.88,1
Emily,36,134.17,236.04,179.6,75.49,4.71,39.11,0.56,8804.78,1
Laura,85,72.45,161.41,123.93,86.89,6.4,28.86,0.64,6095.39,1
Laura,89,101.88,199.34,159.99,78.19,5.54,27.86,1.09,4746.9,0
Jessica,81,98.26,208.24,102.97,116.96,4.8,37.18,1.07,4681.13,1
Emily,65,75.57,203,86.32,124.01,6.31,20.53,1.44,10737.23,0
John,83,113.5,276.72,108.5,79.31,5.92,39.9,1.45,8566.57,1
Michael,18,178.83,194.96,123.37,142.01,5.33,20.25,1.12,8205.42,1
Sophia,35,136.7,270.64,151.86,87.85,5.96,40.62,1.06,9748.13,0
Jessica,30,131.66,163.51,145.13,137.08,5.73,38.87,0.52,7254.95,0
Emily,75,138.18,291.58,95.33,149.22,5.92,32.92,0.93,8246.42,1
Jessica,65,75.12,231.51,115.4,108.38,4.85,34.58,1.39,8703.56,1
Jessica,80,80.39,230.68,133.45,110.99,5.08,47.11,1.26,6678.46,1
Sophia,55,111.63,168.1,175.17,90.44,5.23,24.35,1.42,4152.38,1
Jessica,55,133.17,179.03,117.3,88.35,5.89,48.83,1.46,10858.3,1
John,81,74.37,247.54,171.39,60.47,5.91,29.58,0.79,9510.63,1
James,24,83,163.57,146.97,117.51,6.29,47.49,1.11,10719.59,0
Robert,45,175.14,238.88,166.4,104.13,5.44,22.48,1.06,6817.72,1
Jessica,44,197.72,217.76,123.84,59.76,5.01,16.52,1.29,5247.14,0
Sarah,66,197.98,173.24,106.13,62.7,4.7,32.41,0.88,10695.25,0
John,88,115.53,204.83,116.42,62.9,4.98,42.67,1.22,9660.45,0
Emily,87,199.96,165.24,160.27,54.28,5.93,32.23,0.59,6137.66,1
Michael,52,92.9,270.06,86.84,58.54,5.58,32.83,1.12,7320.5,0
Sarah,50,175.85,178.53,144.3,117.14,5.54,16.43,1.18,4835.8,0
Daniel,32,84.45,298.4,178.02,131.3,5.43,46.48,1.17,5886.4,1
Robert,82,178.54,261.89,120.37,122.75,5.85,27.47,0.85,4682.71,0
James,71,187.4,243.27,135.75,119.25,4.72,12.53,0.52,10886.66,1
Sarah,81,126.78,241.28,128.31,58.59,5.33,46.03,1.03,9793.1,1
Laura,43,197.96,267.84,167.19,112.14,6,39.14,0.71,8441.41,1
James,46,171.07,230.83,120.09,83.44,6.44,30.43,1.17,9776.21,0
Robert,84,185.14,202.82,172.12,64.71,6.04,39.51,0.73,9086.36,1
Laura,40,120.8,292.22,153.11,98.3,6.37,46.34,0.57,5292.13,1
Laura,52,140.07,262.97,83.62,83.12,4.66,22.98,1.23,4635.07,0
Laura,42,102.83,276.38,143.66,140.74,6.14,48.06,0.72,6614,1
James,49,133.21,206.86,155.2,110.42,4.78,22.59,1.33,9496.29,1
Emily,31,173.99,211.4,82.27,86.93,4.57,32,0.77,5075.92,0
James,24,180.13,181.91,146.14,106.33,5.45,48.7,1.37,10055.84,0
James,23,110.15,236.7,163.65,133.57,4.56,46.2,1.31,7506.41,0
Emily,55,131,213.95,93.33,105.03,5.8,30.77,0.79,6985.36,0
Jessica,72,177.95,205.08,128.9,119.57,5.56,39.03,0.61,4944.59,0
Daniel,79,93.83,293.28,135.12,143.89,5.08,37.61,1.2,7504.94,1
Robert,43,155.95,296.68,85.05,110.06,5.52,39.78,0.66,9423.58,0
Sophia,36,190.45,250.57,154.37,59.12,6.09,29.56,1.09,9693.24,1
Sarah,71,81.85,249.33,175.95,149.33,5.81,17.71,0.71,7674.01,0
Laura,76,152.03,208.49,124.94,76.83,5.68,23.05,1.43,10667.84,0
Sarah,49,88.59,190.43,145.85,104.57,4.75,26.62,1.1,6202.46,0
Michael,70,140.52,196.67,111.69,103.31,5.56,38.4,1.33,5319.97,0
James,56,153.44,188.1,140.25,148.58,6.02,39.1,0.65,5891.64,0
James,40,78.64,263.74,118.65,113.27,4.94,10.75,1.07,5193.81,1
James,54,197.25,271.67,112.76,65.91,5.11,49.06,0.63,8513.62,0
John,78,170.9,175.21,127.01,145.29,4.77,28.18,0.87,10987.37,1
Emily,84,102.02,161.34,121.84,73.17,6.32,45.15,0.61,5766.37,0
Laura,21,83.37,228.91,116.44,142.64,5.45,46.7,0.84,4017.12,0
Daniel,28,113.27,231.93,141.36,117.3,4.72,46.35,1.46,4443.25,0
John,53,193.69,234.57,167.94,51.44,4.8,19.6,0.87,6766.6,1
James,28,73.93,195.47,87.45,75.81,6.32,42.41,1.22,7654.73,1
Emily,81,103.49,250.32,148.03,141.77,4.72,36.96,0.99,5313.72,0
Jessica,48,92.85,253.42,126.82,95.56,4.98,42.14,0.53,8935.59,0
Laura,65,196.49,200.39,90.18,103.4,5.92,44.06,0.83,5700.94,0
Jessica,47,150.35,217.58,123.42,106.84,4.53,30.74,0.73,10270.72,0
Laura,38,85.72,166.81,89.16,68.01,6.35,36.26,1.03,7317.84,0
Daniel,56,135.12,278.05,169.77,56.06,6.2,43.83,1.21,4097.08,0
John,39,145.49,167.8,87.13,145.15,6.02,46.01,0.79,8352.34,1
Laura,21,118.25,258.91,110.73,104.12,5.14,12.85,1.36,8639.43,1
Daniel,85,199.6,196.12,111.21,95.92,5.65,27.64,0.65,9399.5,1
James,56,141.58,265.69,134.73,111.68,5.25,47.34,0.82,7196.61,1
Jessica,54,140.66,292.7,84.09,130.65,6,34.14,0.86,8198.17,1
Michael,83,158.88,273.52,170.13,136.5,4.84,12.89,0.8,9163.85,1
Laura,29,149.85,262.06,111.26,68.69,5.78,44.27,1.4,6488.51,0
James,57,120.97,180.79,152.48,55.73,6.29,11.92,1.08,8082.94,1
Michael,56,165.57,228.11,160.04,126.15,4.9,39.35,1.39,4029.59,0
Michael,52,112.13,245.76,102.6,103.91,5.5,44.55,1.32,5341.14,0
Emily,59,169.47,286.87,126.52,50.66,5.55,18.82,1.38,9504.85,1
Jessica,31,136.9,173.82,174.79,69.98,6.03,39.48,0.97,9783.12,1
James,53,82.56,261.18,82.54,104.4,6.27,43.01,1.14,6705.43,0
Michael,79,181.08,247.77,105.48,58.07,4.55,17,0.73,10163.77,0
Emily,59,80.38,199.83,84.37,126.87,5.85,34.17,1.04,10383.78,1
Jessica,33,105.26,186.01,179.88,145.34,5.23,36.25,0.53,6360.8,0
Jessica,19,108.7,255.05,144.72,90.45,4.94,18.67,1.46,6921.39,0
Daniel,82,112.23,171.73,166.52,69.29,6.24,41.82,1.09,7969.86,1
Jessica,33,84.41,158.67,99.9,53.91,5.56,48.42,1.05,10040.12,0
Laura,35,190.68,247.94,112.21,132.46,5.57,25.55,1.06,6967.47,0
Laura,44,83.35,205.28,134.69,75.99,5.69,48.45,1.21,9199.68,0
Laura,55,182.83,196.98,168.84,63.11,5.03,35.03,1.32,8078.95,0
Sarah,86,121.27,273.64,158.1,128.02,4.94,23.11,1.24,9886.18,0
Michael,83,132.31,174.97,102.82,74.56,6.18,30.91,0.56,7429.22,0
Robert,53,160.31,243.4,103.82,87.42,6,26.74,0.57,5681.52,1
Laura,80,110.47,156.57,176.66,141.55,5.14,16.14,1.05,7314.38,1
Sophia,52,185.72,190.49,150.54,108.89,4.65,19.88,1.31,10480.64,0
Jessica,50,193.36,196.52,97.18,86.69,5.51,34.33,0.67,6629.4,0
Sophia,82,122.67,227.13,151.82,89.92,5.05,39.37,1.31,4976.65,0
Sarah,72,140.85,200.68,165.58,98.39,4.99,32.72,0.52,4325.73,1
Jessica,62,155.87,249.37,89.8,50.82,4.85,11.41,1.37,9390.77,0
Michael,57,125.27,152.5,122.99,80.73,5.86,47.49,0.57,4604.09,0
Robert,83,92.19,158.02,94.36,138.96,5.15,28.86,1.35,8296.21,0
Robert,42,164.91,195.89,82.86,50.3,5.36,45.75,1.26,7358.54,1
Laura,21,92.72,228.85,172.12,102.28,6.2,25.94,1.19,10815.25,1
James,87,112.74,160.31,177.41,120.5,5.36,36.19,0.88,5895.39,0
Laura,38,71.87,232.77,114,115.66,5.02,10.51,0.78,4271.31,0
Sophia,31,196.34,193.8,92,91.01,5.22,31.85,1.37,7322.21,0
Sarah,44,141.79,223.69,83.9,124.14,4.75,40.39,1.11,6850.93,0
Emily,69,79.16,285.75,85.13,117.24,4.69,40.69,0.94,7095.78,1
Emily,62,97.46,264.43,138.93,91.31,5.25,45.07,1.47,4089.74,0
Sophia,40,189.8,214.44,158.1,147.18,4.61,14.95,1.49,10715.54,0
Michael,80,135.71,291.37,144.33,104.44,5.52,21.17,1.33,8527.29,1
Michael,79,106.12,220.15,99.59,129.52,6.5,13.45,0.63,9413.49,1
Daniel,51,83.72,240.03,179.47,126.63,6.49,21.08,0.71,6850.33,1
Laura,57,150.83,283.63,107.97,138.83,6.17,13.67,0.96,7580.76,1
Robert,33,125.83,254.36,158.01,111.56,6.05,19.67,0.59,7496.81,0
Sarah,84,165.44,151.63,158.05,130.47,4.6,48.02,1.49,4815.63,0
John,60,121.07,209.29,92.2,70.82,6.33,49.9,0.68,5311.55,0
Emily,73,78.22,220.14,93.57,99.52,6.47,34.16,1.36,10732.22,1
Daniel,81,164.09,205.77,129.38,59.46,5.2,49.79,0.94,5063.44,1
Robert,37,142.25,216.36,82.45,58.72,4.85,16.82,0.55,4305.35,0
Robert,54,105.16,207.03,88.94,50.34,6.08,29.1,1.29,9082.8,0
Laura,36,132.09,253.22,162.48,72.69,5.54,22.8,0.82,5322.08,0
Robert,36,81.08,185.49,109.71,103.12,5.2,44.71,1.41,5628.27,1
Sarah,79,103.48,213.93,133.39,81.9,5.11,37.55,1.26,9016.38,1
Laura,69,193.82,207.32,105.18,82.72,5.31,24.82,1.28,5117.66,0
Emily,74,74.81,255.13,128.83,147.99,6,48.93,0.86,7925.64,1
Sophia,58,124.41,162.27,113.32,84.32,4.97,40.17,1.13,7744.07,0
Jessica,26,143.29,193.77,152.55,148.59,6.01,37.23,0.75,10759.25,1
Daniel,30,158.63,221.52,150.71,51.67,4.51,41.96,1.09,10983.45,1
James,89,125.8,157.59,124.07,88.26,5.67,13.34,0.64,9710.11,1
Robert,75,149.09,257.57,86.9,94.25,5.69,44.19,1.3,9035.61,1
Sarah,32,130.73,204.89,94.22,109.1,4.66,35.97,0.6,10754.49,0
Daniel,43,154.14,280.61,145.65,112.35,5.64,20.64,0.64,6716.98,1
Daniel,58,193.02,185.46,128.99,130.34,5.75,49.08,0.96,6024.32,0
John,79,151.24,252.84,129.48,145.36,5.48,47.96,0.84,4070.42,1
Sophia,42,84.62,276.49,153.64,132.84,6.37,43.2,0.79,9220.17,0
Robert,54,100.41,261.08,87.23,137,6.24,24.7,1.05,9342.41,0
Laura,22,192.04,215.92,135.73,108.15,4.57,10.44,1.48,4286.96,0
Laura,46,168.18,209.65,139.52,143.12,6.15,21.78,1.38,5095.04,0
Sophia,34,90.8,214.37,130.49,138.9,6.48,30.61,0.83,5945.74,1
Emily,79,74.23,219.66,116.45,71.1,5.8,40.83,1.42,5610.79,0
John,52,103.6,152.82,155.8,75.77,5.23,34.65,0.57,7159.93,0
Michael,38,187.06,276.36,158.52,132.66,5.24,21.93,0.97,10144.22,1
Emily,44,188.01,183.98,99.26,112.4,4.78,13.15,1.21,10996.29,0
Michael,22,192.96,181.34,170.77,110.32,4.82,14.43,1.11,8947.79,0
Emily,62,134.96,204.65,170.42,103.08,4.63,26.97,0.5,5508.35,0
John,62,139.81,165.49,84.7,52.87,6.13,40.88,0.94,8117.51,0
John,74,97.08,229.73,167.39,77.33,6.07,36.14,1.07,5547.67,0
James,18,114.04,152.71,134.76,83.04,5.16,48.62,0.61,6437.23,0
Robert,18,153.75,293.08,137.36,93.45,5.28,47.5,0.94,10566.72,1
James,61,106.3,243.73,167.65,98.97,5.57,44.24,1.32,9119.27,0
Sophia,61,77.91,215.72,121.82,127.45,5.9,29.33,1.37,6304.78,0
Emily,49,161.06,171.89,150.61,143.32,6,47.9,0.78,9512.89,1
James,20,123.63,160.85,141.83,130.82,6.46,19.87,0.7,8303.25,0
James,67,166.85,174.34,113.28,74.2,5.95,44.71,1.12,9588.18,1
Emily,18,121.47,285.77,83.76,57.28,5.93,43.4,1.38,5679.11,0
James,19,136.82,234.16,119.68,84.39,5.94,26.22,1.23,5525.66,0
Sarah,53,84.63,160.76,95.93,110.35,6.08,42.72,1.03,10993.4,1
John,84,119.23,228.57,94.31,144.52,5.6,46.6,1.25,6700.71,0
Laura,23,112.58,266.76,139.31,67.57,4.7,47.86,1.13,5146.54,0
James,38,128.4,218.85,163.58,69.25,6.46,38.9,1.33,9021.91,1
Sarah,83,131.02,213.81,96.28,86.38,5.67,47.11,0.51,10993.3,0
Sarah,89,101.6,284.46,172.77,118.36,6.37,19.37,1.19,5324.58,1
Sarah,89,151.51,255.77,125.67,91.65,5.72,47.67,1.34,5977.12,1
Jessica,68,132.88,236.17,94.46,137.59,5.42,40.43,0.97,5754.85,0
Sarah,85,167.47,183.49,158.18,93.23,5.48,42.63,0.92,10080.26,1
Laura,85,149.71,226.77,89.95,83.28,6.27,29.24,1.43,5854.63,0
Sophia,41,101.33,263.11,137.31,110.35,5.36,38.86,1.39,4615.33,0
Michael,85,163.46,299.52,146.15,144.21,5.88,48.97,1.02,8560.78,1
Sophia,28,86.47,294.17,150.53,119.88,6.3,26.8,1.47,6146.79,0
Sarah,45,112.09,228.88,102.28,94.46,5.42,33.47,1.38,8359.05,0
Jessica,83,100.67,192.44,112.29,125.05,4.82,38.21,1.3,5814.59,1
Emily,44,139.47,185.49,110.56,116.26,5.93,32.4,1.17,8144.4,0
Sophia,72,164.36,163.69,99.59,83.03,5.52,19.71,0.77,8761.33,1
John,70,186.44,198.91,93.77,126.43,5.81,21.67,0.62,6015.02,0
Robert,85,156.66,264.56,135.16,132.59,4.69,36.12,0.88,5483.36,1
John,33,168.42,162.89,131.92,135.15,5.23,16.14,0.89,5830.66,1
Sarah,52,122.35,223.93,164.85,126.89,5.56,23.93,0.63,5098.65,0
Emily,74,88.72,191.12,86.71,142.79,5.5,37.34,0.76,6810.02,1
James,75,110.4,284.81,145.74,72.27,5.99,34.74,1.11,10622.02,1
Jessica,18,134.86,209.71,136.98,91.15,4.93,41.04,0.55,10878.5,0
Jessica,69,185.31,175.68,114.41,142.72,6.39,35.81,0.83,5790.66,1
Jessica,29,186.84,155.62,135.72,126.81,5.24,13.87,0.8,8197.94,1
James,24,70.87,228.85,130.01,104.86,6.05,42.98,0.68,5486.79,0
Emily,69,160.93,195.91,81.01,67.5,6.04,29.32,0.52,4859.52,0
Robert,71,139.54,176.43,120.49,118.57,5.92,16.68,0.91,9010.73,1
John,64,146.94,219.99,173.25,148.26,4.7,46.01,0.92,8708.26,1
John,88,181.11,170.92,149.84,132.58,5.52,14.59,0.85,8314.62,0
Jessica,74,108.99,226.2,97.02,81.93,4.73,21.25,0.8,6392.09,0
Laura,30,125.69,205.82,126.91,136.8,6.39,11.56,0.58,6186.9,0
Laura,70,85.7,152.48,89.19,108.62,4.71,47.84,1.18,6671.26,0
Daniel,44,166.71,276.39,144.04,142.55,4.54,24.01,0.92,7300.71,0
James,63,121.41,238.2,150.15,72.77,4.87,16.93,1.15,7083.55,0
Laura,76,151.13,171.9,123.34,102.87,6.1,25.29,0.89,8984.24,1
Jessica,71,74.55,293.77,159.68,139.9,4.97,14.21,1.36,9619.4,0
Robert,27,133.5,199.82,143.05,140.59,4.91,36.24,1.34,6968.36,1
Sophia,31,80.21,192.64,107.24,110.84,5.33,33.03,1.13,10778.27,0
Sophia,55,131.94,219.44,124.76,120.94,6.2,22.21,0.68,4300.44,0
Jessica,86,128.95,274.44,158.1,105.89,5.73,13.9,1.32,4246.18,1
Michael,71,106.41,161.73,148,144.72,6.32,49.93,0.55,5707.19,1
Sarah,52,113.11,281.87,111.9,120.62,5.66,38.77,0.94,8787.42,0
John,35,116.48,233.54,137.76,118.99,4.61,17.57,1.24,8471.08,1
Laura,25,162.29,258.24,108.09,101.81,5.04,15.12,0.64,6105.28,1
John,64,80.31,273.54,86.15,114.47,4.53,19.82,0.53,5403.26,1
Emily,79,161.32,245.82,167,61.08,4.85,40.88,1.33,10495.6,0
Sarah,45,126.32,194.99,98.33,104.09,6.41,38.38,1.39,6890.28,0
Sarah,70,123.16,256.23,162.59,70.24,5.17,38.2,0.79,7427.39,0
Emily,76,141.22,270.81,122.78,112.8,5.61,45.53,1.09,8251.54,1
Jessica,38,96.23,274.13,164.61,134.75,5.39,45.37,0.68,5370.51,0
Emily,19,151.3,243.79,125.79,131.99,5.56,18.01,0.72,10850.83,0
Robert,87,88.66,180.69,175.95,52.56,4.57,18.14,1.03,10031.43,1
Robert,55,85.98,208.46,80.11,109.75,4.86,33.23,0.61,9787.82,1
Jessica,41,103.8,204.07,87.17,108.3,6.33,14.7,1.31,6905.66,0
Daniel,55,167.88,208.41,178.61,73.27,4.58,35.88,1.4,7893.69,0
Laura,31,125.19,273.27,140.39,100.62,5.3,48.2,0.87,4081.6,1
Emily,75,146.82,293.36,90.27,91.63,6.42,12.35,0.79,6807.02,1
Robert,53,159.53,174.29,84.23,110.28,4.6,23.21,0.91,5960.26,0
Robert,56,142.78,216.89,161.17,128.75,4.75,26.42,0.76,4891.31,1
James,67,126.05,174.1,120.39,130.34,6.39,34.83,1.41,8313.17,1
Sophia,87,84.18,255.34,113.3,111.82,4.67,23.26,0.77,8033.93,1
Emily,64,171.47,217.66,131.24,78.98,5.51,41.31,0.82,5950.62,0
Emily,42,96.65,299.37,157.19,91.48,4.72,44.1,1.12,10807.67,0
Jessica,25,116.33,242.24,155.66,57.79,5.08,25.44,0.86,8573.88,0
Sophia,40,133.21,253.44,98.92,93.56,5.43,17.88,0.77,7995.65,1
James,45,146.63,152.25,83.62,126.53,6.4,19.54,1.47,8251.44,0
Jessica,53,190,220.22,146.66,53.61,4.94,29.68,1.07,10383.15,0
James,85,138.19,232.5,132.13,70.09,4.84,36.39,0.6,8353.45,0
James,49,174.57,177.02,115.69,50.25,6.11,28.71,1.02,9930.11,0
Michael,56,133.47,217.58,82.96,98.77,6.02,20.75,1.02,5617,1
John,41,178.41,291.16,109.47,126.13,6.45,24.79,1.11,10033.93,1
John,46,76.18,163.54,105.12,70.94,6.17,13.48,1.08,10348.92,1
Sophia,45,125.96,277.79,105.86,80.73,5.3,11.59,0.67,5263.01,0
Daniel,45,176.5,159.77,139.96,70.96,4.67,40.18,1.29,4635.16,1
Michael,83,141.65,239.53,101.11,82.51,5.84,19.33,0.62,8893.36,1
Daniel,27,74.5,258.08,139.65,90.3,5.78,30.16,1.32,5802.28,0
John,82,153.69,285.4,121.43,60.5,5.39,28.91,1.14,9300.15,0
Emily,63,73.36,267.83,93.8,100.8,4.69,31.88,1.02,7446.56,0
Sophia,81,175.33,198.12,124.75,102.86,5.36,24.34,0.59,8073.32,0
James,54,76.16,255.25,153.34,135.07,4.72,37.14,1.06,7563.63,0
John,78,138.13,276.27,148.68,131.01,6.26,14.86,1.05,8680.16,1
Jessica,77,123.11,292.86,162.08,87.46,5.09,18.93,0.5,6629.83,0
Emily,34,194.15,274.12,124.51,94.73,5.41,18.41,0.6,6670.01,1
John,82,156.17,153.17,149.97,85.25,4.92,48.05,0.93,6825.47,0
Sarah,21,193.2,221.3,157.32,143.64,5.63,20.56,0.52,8679.86,1
Emily,30,157.98,282.6,121.26,147.49,5.97,23.51,0.64,4616.01,1
Daniel,23,180.88,213.83,143.67,68.43,4.97,23.48,0.98,4700.82,0
Emily,82,116,225.39,92.94,96.17,4.67,20.78,1.45,9809.65,1
Robert,42,143.22,284.08,87.01,82.78,4.91,13.65,1.21,6802.03,0
Laura,78,72.37,219.97,161.81,124.97,4.58,25.47,0.69,8902.13,1
Emily,77,137.3,264.6,157.59,128.23,5.28,18.88,1.42,6628.53,0
Sarah,55,103.37,228.6,82.62,60.99,5.05,27.58,0.99,8684.25,0
Daniel,63,79.3,212.08,144.93,103.62,5.38,48.07,1.07,4215.8,0
Sarah,47,94.75,273.19,179.37,137.2,4.88,31.67,1.01,9434.19,0
Sophia,44,96.77,188.28,95.55,108.96,6.37,24.1,1.5,9515.02,1
John,32,175.79,265.24,89.36,143.97,5.73,38.52,1.24,7196.54,0
Michael,45,140.18,242.79,93.37,86.67,5.59,27.43,1.16,7327.97,0
Laura,39,97.76,268.12,88.61,140.25,6.08,27.13,1.48,4978.84,1
James,39,123.46,170.28,81.08,113.11,4.59,10.52,1.21,5001.21,0
Daniel,37,177.91,281.74,152.77,106.97,4.92,24.71,0.87,9925.15,0
Jessica,30,72.35,215.3,142.68,93.74,5.4,29.08,0.74,4728.67,0
Michael,80,161.7,225.71,128.59,130.8,5.89,22.09,0.83,6522.08,0
Jessica,31,115.85,270.52,144.38,65.51,5.39,38.09,0.88,10363.34,1
Laura,62,74.94,239.45,179.33,106.41,4.61,15.57,1.2,8999.21,0
Laura,18,181.38,234.92,157.99,111.69,4.85,27.93,0.97,4310.47,1
Daniel,24,88.92,168.47,177.37,111.88,5.29,43.36,1.36,8242.8,0
James,57,104.16,161.48,144.04,124.31,6.31,26.27,1.2,9868.78,0
Michael,42,72.11,211.4,177.79,124.24,4.82,23.55,1.09,6410.33,1
Robert,41,111.74,225.25,159.22,83.83,5.14,39.95,0.71,8874.41,0
James,70,99.68,259.35,159.36,64.12,4.55,44.53,0.96,4740.75,1
James,29,116.85,191.05,167.57,72.8,5.29,42.92,0.76,7452.56,0
Sophia,76,168.32,294.79,97.19,56.44,5.74,45.61,1.49,5371.79,1
John,78,155.02,233.55,110.92,145.63,6.04,23.95,1.15,5527.31,0
Sarah,81,73.07,162.02,123.06,67.76,5.73,17.8,0.91,5788.33,0
Sarah,81,171.07,183.53,122.03,66.38,5.84,15.38,1.47,4746.88,1
Emily,56,117.5,205.1,82.11,88.16,5.84,36.25,1.31,4665.88,1
Laura,58,118.6,289.18,163.14,85.21,6.25,12.57,1.36,8354.8,1
Laura,60,128.75,166.94,94.44,58.37,5.19,27.48,1.14,5859.57,0
Daniel,70,117.44,282.12,138.26,80.55,6.24,17.29,1.14,8547.18,1
John,39,156.04,293.17,131.36,114.93,5.48,33.43,0.86,8158.35,1
Michael,69,193.24,270.28,98.17,108.74,6.05,26.56,0.78,6479.83,0
Sarah,40,153.34,185.5,114.71,103.46,4.52,12.57,1.05,7778.98,0
Laura,41,85.09,270.57,116.42,112.7,5.76,16.89,0.85,10851.23,0
Sarah,30,167.72,265.69,81.93,101.35,4.55,45.41,0.54,6339.92,0
Sarah,76,110,217.45,113.07,59.73,5.97,32.67,1.04,10411.28,0
Robert,83,108.01,222.24,172.1,131.28,5.18,24.15,0.69,6340.28,1
Laura,20,155.67,202.84,104.65,148.73,5.38,23.21,0.65,4364.66,1
Jessica,88,78.2,240.37,93.19,83.99,4.61,33.08,1.44,9388.1,1
Robert,53,74.06,164.45,136.22,56.15,5.46,33.62,0.91,7284.86,0
James,88,133.46,199.47,95.4,56.98,6.48,28.23,0.61,8780.78,1
Robert,21,179.4,281.63,150.44,84.74,5.87,19.04,1.35,6817.37,1
Emily,63,96.21,277.08,172.67,90.2,6.29,36.37,0.87,6887.22,0
Emily,45,133.77,269.12,110.2,138.81,4.73,39.31,0.6,6544.67,0
Laura,23,171.86,278.42,91.63,85.64,5.29,40.95,0.78,5955.73,0
James,86,123.32,164.97,122.22,80.54,4.52,32.83,1.48,10561.21,0
Jessica,73,88.72,297.44,82.55,125.66,5.49,14.29,1.34,8037.26,0
Michael,49,170.36,208.4,151.4,67.65,6.32,46.96,0.52,5326.35,1
Laura,21,84.54,288.77,85.95,76.61,5.53,30.69,0.57,9953.12,1
John,39,197.13,163.71,99.45,123.72,5.45,38.99,1.26,4252.13,1
James,18,188.56,172.64,117.08,75.43,5.6,20.8,1.19,9975.3,1
Robert,83,75.76,207.13,101.1,109.47,5.81,36.63,1.48,6388.59,0
James,45,169.6,206.38,125.1,86.11,5.94,43.74,1.15,9165.95,0
James,32,131.88,236.65,131.12,60.47,4.65,15.04,1.26,4063.58,0
Jessica,30,151.7,188.68,114.5,122.8,4.62,23.62,1.14,5108.1,1
Jessica,41,198.46,185.27,127.6,113.46,4.83,41.17,0.63,5730.35,0
Emily,43,134.6,279.95,111.47,54.76,5.72,20.59,1.08,7762.05,0
Robert,18,128.87,271.84,172.23,102.17,4.75,30.38,1.08,5860.69,1
James,36,117.07,258.89,106.26,94.67,4.6,34.81,0.77,7586.96,1
Robert,43,84.6,264.77,127.23,141.62,6.12,48.16,0.63,8078.7,0
Daniel,82,138.24,179.14,124.31,146.19,5.46,20.01,0.75,6722.36,1
Laura,68,147.44,271.6,96.56,94.2,6,43.61,0.78,7761.97,0
Michael,76,121.9,197.75,89.26,103.38,6.46,32.42,0.67,5434.6,1
Sophia,52,71.01,266.73,151.28,65.86,5.51,15.39,1.34,7051.78,1
Daniel,71,178.5,220.11,137.27,97.96,5.15,15.93,0.63,9102.85,1
John,18,92.67,188.26,110.85,126.23,5.73,32.35,0.78,6023.72,0
Robert,47,78.19,158.37,163.97,84.54,5.45,19.1,1.17,6289.21,1
Laura,21,182.06,151.82,106.05,99.65,4.62,40.1,1.42,8677.07,0
Sophia,28,104.94,186.25,118.9,120.24,6.26,32.92,1.44,5535.21,0
Emily,21,83.29,293.3,129.51,140.5,5.85,19.21,0.8,9226.13,1
Michael,29,87.27,245.44,152.81,73.64,5.66,11.05,0.74,6856.04,0
Laura,53,156.12,233.78,84.65,88.76,4.85,23.6,0.99,9649.29,1
Daniel,86,146.26,234.27,89.52,132.57,6.01,11.28,0.62,8711.26,0
Jessica,22,175.08,209.9,123.72,95.16,4.57,38.23,1.12,7854.47,1
Sophia,65,169.13,227.73,166.23,141.98,5.13,43.79,1.21,4022.84,1
Sarah,74,74.13,217.79,139.34,82.3,5.73,21.49,1.44,9841.39,1
Laura,31,86.81,198.21,80.34,118.6,5.61,30.08,1.27,7399.16,0
Sophia,67,173.74,238.26,126.26,81.82,5,32.15,0.71,4797.84,1
Jessica,30,129.72,188.5,88.92,59.3,6.29,20.19,0.83,5920.99,0
John,49,111.85,225.58,168.88,118.31,5.02,45.89,0.56,6487.96,1
Laura,39,117.76,218.77,149.1,112.58,5.96,11.87,0.93,9867.37,1
Sarah,29,199.85,188.04,132.29,113.99,4.82,41.58,1.33,8649.1,1
Sarah,35,152.4,225.79,139.65,72.03,4.89,40.63,1.04,4851.34,1
Sarah,52,146.62,190.95,160.17,89.33,6.25,45.87,0.51,6977.58,0
Emily,83,93.8,274.75,124.42,107.57,5.37,33.62,1.35,8723.88,0
Emily,71,124.73,227.37,163.9,125.23,5.6,24.17,0.61,10931.98,1
Sarah,81,121.05,175.68,161.58,70.06,5.85,10.88,0.89,5521.04,0
Daniel,85,161.12,160.44,116.49,144.42,5.23,48.5,0.94,10774.52,0
Laura,43,116.09,237.51,99.5,143.27,5.85,48.2,0.81,4554.11,1
Laura,83,99.91,275.4,171.82,124.83,6.24,25.98,0.92,4037.35,0
Sophia,67,111.25,254.97,103.66,50.18,4.5,10.81,1.19,4522.64,1
Sarah,80,160.74,235.01,111.26,79.43,5.52,20.8,1.12,6564.63,1
John,23,176.2,206.67,144.67,133.35,6.42,45.86,0.55,5973.8,0
Daniel,45,148.99,275.1,145.51,149.53,5.32,41.52,1.09,4820.73,1
James,46,192.24,271.73,87.91,140.82,5,44.73,1.15,8436.59,0
Jessica,50,95.66,231.16,105.14,113.42,5.68,16.23,0.99,8186.2,0
Jessica,89,86.97,278.11,83.66,122.19,5.38,41.73,0.52,6049.49,0
Jessica,48,168.48,266.96,179.14,59.54,5.53,35.75,1.48,10918.35,1
Laura,73,141.93,296,87.85,60.92,6.02,37.96,0.84,6223.52,0
Jessica,77,84.9,257.39,150.62,100.51,6.43,26.82,1,9003.51,0
Laura,69,155.52,193.3,132.97,61.6,6.12,40.24,1.29,4700.1,0
Robert,52,193.91,203.64,135.19,105.21,5.1,30.08,1.2,5680.12,0
James,83,78.7,169.75,122.9,66.29,6.39,17.89,0.77,7154.26,0
James,80,79.4,233.96,85.12,124.7,6.18,36.5,1.38,5145.27,0
Robert,48,127.36,156.35,127.08,54.1,5.09,47.63,1.03,10007.85,1
Sarah,27,135.28,293.55,133.92,124.6,4.72,47.85,0.51,8876.75,0
Laura,31,162.42,284.8,117.17,70.27,5.81,26.21,1.34,5826.49,0
Jessica,71,183.08,284.3,170.22,97.06,4.52,34.89,1.28,5873.48,1
Emily,65,169.45,288.43,117.26,83.56,6.15,11.54,0.79,8293.81,0
Sophia,82,193.2,207.49,123.52,84.7,6.3,38.81,1.4,10778.13,1
Jessica,20,98.32,172.19,127.58,105.76,4.83,27.58,0.65,4844.06,1
Jessica,37,153.21,172.25,119.07,71.03,4.67,11.55,0.91,4576.65,0
John,88,114.27,267.89,143.73,146.79,6.42,26.3,0.96,7537.19,1
Sarah,75,167.77,283.84,87.87,97.34,4.98,13.22,1.43,7023.23,0
Laura,62,86.67,235.69,155.4,55.78,6.47,33.53,1.14,5337.78,1
Sarah,18,186.9,222.76,156.15,82.35,5.88,31.18,1.26,8996.06,0
Sarah,73,194.45,199.5,117.32,74.24,5.89,28.54,0.55,10628.97,1
James,69,182.77,255.22,174.46,132.42,5.97,43.38,0.52,6460.38,0
Michael,36,158.88,195.39,174.1,100.42,4.5,24.21,0.56,4791.37,1
James,47,107.23,259.67,157.51,69.1,4.96,18.2,1.37,8147.25,1
Daniel,79,94.16,163.35,153.51,115.61,5.98,46.93,0.82,7114.04,0
John,56,197.03,241.24,169.43,120.03,6.14,24.63,1.25,6159.61,0
Sophia,84,97.76,263.66,131.61,94.12,5.36,28.54,0.71,6757,1
Daniel,30,81.63,184.77,139.9,66.57,4.53,19.55,0.71,9397.19,1
Laura,77,72.86,244.3,115.53,68.51,5.12,44.47,0.6,9818.14,0
John,44,129.29,218.78,110.36,63.59,4.91,21.98,0.97,4164.48,0
Robert,74,107.93,294.76,89.78,84.92,5.12,21.79,0.54,5261.09,1
John,28,189.62,202.6,81.73,67.4,5.16,35.38,1.24,7241.42,1
Michael,48,119.36,274.22,175.75,128.76,5.83,28.33,1.11,4347.15,1
Michael,57,147.74,246.79,156.97,92.11,5.93,46.98,0.65,6112.83,0
Robert,24,190.14,236.03,118.23,55.59,6.09,44.74,0.8,4302.19,1
Jessica,32,87.45,177.4,160.49,95.39,5.66,21.02,1.03,10256.91,0
Laura,36,77.83,227.36,168.41,112.54,4.63,36.51,0.62,4264.81,0
John,84,85.31,161.37,178.07,94.71,6.32,18.72,1.16,5432.39,0
Michael,57,156.57,285.71,126.02,52.98,4.62,33.39,1.33,4042.95,1
Emily,77,172.89,172.81,115.69,97.46,4.57,45.88,0.59,10818.13,0
Laura,70,199.4,268.47,127.59,127.1,5.04,41.28,0.8,7723.87,1
James,31,171.26,167.1,124.36,148.45,6.27,17.06,1.38,8600.92,0
Jessica,62,87.41,157.37,96.61,59.83,5.95,35.97,0.71,9091.63,0
John,35,113.06,156.56,80.59,109.26,4.98,44.18,0.51,9103.18,0
Emily,63,189.83,204.8,114.1,77.89,4.81,44.31,1.21,6670.79,0
James,37,161.79,243.64,98.96,72.95,6.23,28.95,0.7,5814.46,1
Daniel,22,92.9,169.36,131.44,114.28,4.71,23.65,0.88,5781.4,1
Jessica,83,188.49,161.4,119.45,147.77,5.91,44.43,0.84,7775.44,1
Sarah,34,151.12,236.28,157.49,70.15,6.16,30.89,1.07,4280.58,1
Michael,36,165.67,201.83,173.4,63.2,6.47,18.19,1.41,9417.22,1
Sarah,49,78.94,175.83,142.49,62.72,5.36,43.84,0.53,6681,1
Laura,83,155.78,238.03,102.86,140.87,4.85,14.05,1.07,8389.13,0
John,23,133.48,163.9,99.11,118.98,5.16,45.18,0.88,7330.82,0
Jessica,89,138.71,200.85,165.46,90.54,5.76,15.96,0.95,6525.44,1
Emily,47,132.49,264.45,166.3,61.06,4.9,48.11,0.93,4031.37,1
Sarah,19,99.51,248.23,99.58,69.09,6.45,49.97,0.97,10324.96,0
Robert,85,162.8,243.94,121.62,102.95,6,32.62,0.79,4391.01,1
Sophia,29,154.93,178.26,136.19,137.09,4.54,36.93,1,7543.24,0
Jessica,84,143.3,298.69,86.28,74.71,4.73,22.13,1.19,9115.03,0
Michael,63,126.69,243.99,111.32,52.49,4.98,20.82,1.35,5414.59,0
Sarah,24,121.56,204.04,141.25,101.69,5.15,14.69,0.88,4035.12,1
Daniel,32,80.77,210.62,121.22,148.38,4.94,21.63,1.12,10905.76,1
Michael,74,131.25,267.62,138.15,115.2,4.52,17.34,1.44,6771.92,1
James,69,123.86,192.57,139.13,97.18,6.04,32.89,0.71,4929.77,0
Robert,51,122.36,209.88,170.23,108.08,5.35,18.76,0.7,10476.06,0
Michael,27,181.86,196.62,178.84,133.85,4.6,28.09,0.79,9921.44,1
Emily,60,161.5,229.24,178.96,52.69,6.07,44.48,1.15,9074.77,0
James,48,70.01,296.31,116.93,145.82,5.91,27.53,0.89,6143.39,1
James,78,167.72,185.3,134.01,90.36,6.35,30.9,1.32,10179.52,1
Laura,74,140.18,224.94,169.94,130.48,4.72,37.93,1.19,4654.6,1
John,40,102.55,267.37,131.04,65.13,6.04,26.78,0.86,6852.62,1
Sarah,20,151.14,256.14,139.87,144.79,6.41,16.1,0.91,4143.07,0
Laura,20,91.33,192.59,144.06,112.25,5.02,47.44,0.6,9991.14,0
Michael,45,110.49,192.83,87.71,66.88,5.77,35.14,0.53,6271.46,0
James,67,84.21,177.03,91.74,79.41,4.94,41.31,0.5,8530.63,0
Michael,44,152.7,177.93,146,141.42,5.09,33.59,1.39,4725.52,0
Sarah,42,198.69,161.17,175.82,71.77,4.81,16.21,1.04,9914.51,1
James,85,165.91,157.55,157.6,108,4.52,27.09,1.38,5402.55,0
Sarah,59,72.11,215.84,135.07,131.81,5.12,44.27,0.87,10642.08,1
Sophia,18,92.86,247.96,89.16,89.1,5.89,20.81,0.54,9404.51,0
Michael,18,157.22,217.63,178.6,71.44,6.46,42.47,0.85,7080.66,1
Michael,57,188.75,237.64,90.34,78.85,5.83,37.16,0.85,9367.61,0
Laura,41,154.43,265.05,111.83,93.94,4.58,19.47,0.79,10305.58,0
John,41,90.78,257,172.08,134.56,5.43,16.38,1.3,5303.66,0
Emily,42,171.21,226.82,172.94,96.23,6.43,20.15,0.57,7733.64,0
Emily,69,121.72,167.89,160.76,86.08,5.39,30.87,0.69,5929,0
John,57,160.72,210.93,128.42,135.76,5.42,22.73,1.12,8134.3,0
Daniel,30,183.25,286.81,153.77,71.56,4.73,28.29,0.5,8431.11,0
Sarah,22,92.58,156.93,162.85,92.42,4.52,31.36,1.08,6315.01,1
John,50,179.97,165.53,137.55,72.72,5.13,10.35,1.35,5218.36,1
Laura,25,159.11,285,121.68,105.76,5.59,14.42,0.52,8585.05,0
Daniel,86,162.88,282.11,101.98,118.76,5.46,12.68,0.7,4988.3,1
Michael,44,183.36,219.77,103.62,126.29,4.73,27.37,1.22,7727.67,0
John,69,182.48,282.42,82.73,106.54,6.08,47.21,0.73,7523.17,0
Laura,82,92.61,278.34,174.22,91.57,6.42,37.42,1.12,7585.09,1
John,30,198.53,209.9,179.32,149.35,5.3,45.24,0.75,4996,0
Sarah,26,182.25,203.84,101.88,56.57,4.82,25.59,0.82,8449.5,1
Sophia,42,101.81,232.1,130.91,64.71,5.75,10.62,1.07,8878.79,1
Sarah,83,190.65,221.34,115.45,75.16,6.06,26.42,1.32,8810.58,1
Laura,28,149,150.93,153.79,123.59,4.93,49.95,1.37,10223.1,1
Sophia,26,95.67,218.93,116.14,98.78,4.92,44.13,0.8,6738.35,0
Emily,25,186.29,263.99,140.52,117.8,6.28,34.94,0.71,10619.17,0
Emily,49,178.61,176.18,151.65,99.6,4.72,23.24,1.16,8499.83,0
Daniel,27,95.74,271.49,170.53,79.22,4.6,40.61,1.17,6964.2,0
Michael,22,109.4,279.39,155.22,67.05,5.69,28.19,1.26,5799.08,1
Jessica,67,85.18,175.43,141.66,74.08,5.99,35.72,0.87,6883.4,0
Laura,51,117.65,258.28,108.39,59.11,6.27,29.98,1.43,5332.49,1
Daniel,24,90.81,212.12,103.94,70.19,4.51,36.5,0.78,10135.34,0
Sophia,29,81.08,266.55,92.59,68,4.82,29.91,1.05,5878.86,1
Sophia,41,108.43,251.43,130.75,56.99,6.04,39.5,1.05,9484.26,1
Daniel,35,160.49,181.71,82.1,56.51,5.93,14.61,1.14,6226.84,1
Jessica,19,116.85,284.28,122.94,140.33,5.46,13.85,0.5,5049.1,1
Robert,49,109.85,234.18,179.03,128.13,6.18,25.85,1.46,6108.09,0
Michael,46,137.13,181.48,122.91,59.09,5.43,41.07,0.67,7263.33,1
James,65,136.31,154.1,108.06,60.97,6.05,31.85,0.93,4423.32,0
Emily,39,192.48,187.84,86.68,105.03,4.57,12.91,1.25,5511.76,1
Michael,23,144.78,162.83,167.39,128.17,5.76,27.44,0.72,9327.71,1
Emily,47,191.65,191.57,153.79,139.92,5.76,33.25,0.75,6956.7,0
Emily,62,133.4,207.98,102.6,73.45,4.65,35.07,1.26,5528.55,0
John,33,105.2,243.18,144.53,127.6,5.02,16.17,1.25,6229.05,1
Sarah,63,85.13,174.81,149.93,125.97,4.57,10.5,1.15,4806.02,1
John,57,186.75,164.29,153.24,94.5,5,10.41,0.74,5034.6,0
Laura,29,196.2,292.35,170.55,108.58,4.51,31.52,0.6,9347.71,0
Emily,54,78.7,211.09,116.85,73.66,5.28,10.56,0.96,5082.01,1
Sarah,31,97.39,157.03,114.16,51.06,5.28,28.22,1.21,5695.12,1
Michael,26,86.34,250.23,98.57,148.56,6.06,47.46,1.4,8194.46,1
Robert,32,102.4,161.8,122.3,113.85,4.61,23.62,0.53,7569.67,1
Sophia,81,184.86,204.5,147.07,76.84,4.72,24.35,1.18,8978.94,0
James,59,161.42,268,116.44,73.28,5.72,21.87,0.51,7065.04,0
Sarah,65,149.35,165.38,133.27,146.49,5.43,31.57,1,9543.14,1
Jessica,34,93.56,253.31,92.44,122.29,5.81,13.52,0.62,8602.87,0
John,71,184.68,224.57,102.75,73.72,6.12,41.06,1.34,10527.89,1
Sophia,81,139.91,292.36,141.22,126.37,5.47,14.98,1.15,10317.95,0
Daniel,27,141.09,263.54,90.77,146.93,6.04,24.75,1.11,4495.32,1
James,63,195.24,210.72,172.87,75.77,5.53,36.89,0.81,6818.34,0
Laura,71,90.63,189.17,171.51,137.4,5.55,40.36,1.16,7372.78,0
Sophia,51,85.53,288.28,140.29,139.68,5.3,46.69,1.1,5478.34,0
Jessica,65,114.05,225.57,89.68,140.08,5.56,14.82,0.74,5911.4,1
Sarah,70,158.15,272.73,147.12,105.99,5.07,12.97,1.31,8496.08,1
Emily,39,74.11,246.71,97.87,58.13,5.98,15.44,1.29,9358.2,1
Emily,32,114.54,258.17,175.5,58.08,4.69,11.46,1.49,5789.12,0
Jessica,21,91.56,178.29,105.24,85.34,5.55,47.18,1.03,7545.28,0
Daniel,40,159.41,273.23,150.04,97.14,5.49,32.19,1.42,6530.59,1
Emily,83,120.87,260.86,122.81,63.42,4.81,33.28,0.76,5817.96,0
Robert,35,180.48,275.73,81.83,94.27,5.96,12.8,1.46,7972.69,0
Jessica,45,76.63,258.23,94.44,133.68,6.25,40.51,1.31,10156.69,1
Daniel,67,101.54,191.88,131.48,68.76,6.16,16.12,1.49,8331.55,1
Michael,38,191.49,181.93,122.18,64.63,5.5,29.33,1.34,10660.98,0
Sophia,48,177.15,265.98,118.97,82.73,6.27,42.55,0.93,8128.64,1
Laura,63,78.77,237.57,124.55,119.66,5.49,30.87,0.87,4685.64,0
Michael,36,150.26,271.4,132.26,94.44,5,35.18,0.84,9027.02,1
James,71,139.03,196.95,103.34,58.66,4.93,27.66,1.06,8302.82,0
Jessica,19,127.23,157.37,174.12,123.4,4.87,13.27,1.27,4138.54,1
Laura,74,117.8,254.58,166.05,116.95,5.38,24.56,0.56,5063.73,1
John,33,137.73,158,87.92,51.45,6.14,42.45,0.93,8977.61,1
Laura,79,176.1,201.81,144.61,134.81,4.59,12.16,1.36,7413.21,0
Michael,35,103.49,218.61,156.83,84.58,5.18,15.69,0.99,5142.07,1
Jessica,81,92.57,280.81,126.03,65.69,4.87,22.64,1.4,6571.61,1
Sophia,48,168.05,260.98,173.43,140.18,5.71,43.6,1.17,7686.73,1
Robert,87,83.37,256.33,114.74,78.93,4.9,23.21,1.31,7082.44,0
Jessica,53,95.49,264.09,114.49,66.68,5.51,27.21,1.43,8443.88,1
John,26,87.55,239.41,178.19,110.05,4.72,19.75,1.22,7693.71,0
Laura,31,181.07,258.93,88.55,73.26,5.14,22.2,0.89,8649.7,0
Jessica,28,178.91,285.79,155.37,107.78,5.11,24.01,0.65,4320.52,0
Robert,63,116.21,189.25,162.35,123.95,6.29,38.48,0.88,9396.42,0
Emily,42,159.99,249.72,88.46,55.72,4.74,23.02,1.14,9264.11,1
Emily,21,181.18,240.72,134.1,61.56,5.47,39.01,0.74,8208.68,1
Laura,74,191.43,296.84,129.18,61.29,4.55,34.51,1,8627.44,0
Michael,51,147.82,183.93,110.31,136,4.83,38.99,0.78,4873.98,1
James,65,135.54,202.89,174.07,130.1,5.68,10.06,0.89,4404.46,0
James,22,148.84,269.91,127.23,75.64,4.89,45.14,1.02,4541.51,0
James,74,194.87,260.87,131.32,119.12,5.57,42.36,1.03,4352.47,0
Emily,26,156.7,288.48,98.96,82.97,5.36,35.71,0.8,6764.11,1
Emily,81,100.78,157.21,114.53,106.82,5.61,24.6,1.36,5159.49,1
Sarah,43,197.53,243.35,170.83,78.26,5.52,21.32,1.46,6201.13,0
John,45,80.36,262.55,89.56,70.73,6.33,39.36,0.91,10859.03,1
John,24,84.82,186.73,174.91,106.49,5.14,17.38,1.34,8398.59,0
James,46,125.01,180.33,130.81,54.66,4.71,40.12,1.3,5590.74,0
Sarah,36,158.67,189.26,99.94,64.4,6.17,32.85,0.51,8913.7,1
James,64,104.85,230.38,126.31,137.52,5.08,33.05,0.85,4385.23,0
Michael,63,176.56,278.49,105.95,121.33,6.21,41.88,0.91,5067.23,1
Laura,85,78.9,211.85,175.77,147.19,6.32,17.99,0.58,9150.71,1
Robert,28,185.69,268.16,179.54,87.03,5.8,20.42,1.16,9282.4,1
Michael,48,78.86,165.09,110,99.17,4.88,23.96,1.16,8358.33,0
Emily,43,107.67,270.52,174.88,129.34,5.93,20.41,1.28,6043.85,0
Michael,61,182.91,157.95,156.82,138.56,4.7,49.31,1.31,10861.77,0
James,67,89.31,210.33,118.45,149.06,5.66,47.47,0.66,10799.44,0
Sarah,70,93.06,193.85,107.87,130.79,4.61,14.26,1.33,10592.36,1
Jessica,18,94.22,174.57,165.31,54.67,5.84,12.07,1.26,5628.44,1
Robert,70,186.93,204.68,141.35,85.85,4.93,38.86,0.57,5763.31,0
Sarah,74,70.89,279.18,152.66,96.33,5.42,26.96,1.34,8690.23,0
Robert,30,110.54,276.44,101.74,74.17,4.86,16.35,1.39,9646.09,1
Laura,72,165.48,256.88,123.96,110.45,5.98,31.45,0.84,6239.14,0
Sophia,87,102.85,210.62,129.72,73.64,5.37,25.43,0.63,7214.32,1
James,88,151.72,227.4,155.05,144.81,6.01,18.36,0.72,7645.64,0
Robert,68,101.32,244.29,147.27,116.14,5.8,33.65,1.46,5144.79,0
John,20,136.79,153.42,100.31,68.99,5.23,37.44,0.64,5794.86,1
John,59,153.91,296.28,92.32,130.77,4.99,28.26,1.14,6625.13,0
Jessica,23,125,184.16,118.09,143.86,5.46,27.21,1.31,6622.12,0
John,67,141.68,173.39,163.86,81.78,5.17,20.37,0.91,9354.61,0
Michael,49,129.26,175.24,165.4,53.13,5.16,46.02,1.18,5483.72,1
Michael,70,196.04,260.62,140.73,132.41,6.13,31.28,1.33,8264.97,0
Robert,37,99.78,169.04,81.37,126.85,4.7,18.16,1.07,5851.85,0
Laura,44,136.33,223.33,158.81,120.96,6.09,25.72,1.16,8569.18,0
John,72,187.63,208.03,157.46,106.39,5.28,27.55,1.36,6283.32,0
Daniel,75,93.83,215.38,165.26,54.77,4.78,27.76,1.22,10105.89,1
Jessica,80,110.49,193.36,158.24,90.26,4.61,24.99,1.33,4401.01,1
Robert,35,83.08,275.89,85.24,74.23,5.49,41.7,1.1,5673.87,0
Laura,38,183.91,209.47,137.62,117.79,5.56,31.81,0.86,6978.81,1
Michael,67,89.36,248.37,124.15,67.81,6.49,45.51,0.97,10214.65,1
Daniel,18,198.87,156.02,163.05,115.02,5.97,41.62,0.57,6311.19,0
Laura,39,116.43,287.92,166.55,121.46,4.62,42.94,1.4,4719.16,0
Sarah,60,182.84,209.91,150.72,70.7,5.7,25.22,0.9,6924.54,0
Laura,52,168.32,187.61,145.38,107.37,6.46,43.81,0.77,5192.88,0
Michael,68,159.12,279.07,82.87,83.01,5.49,49.89,1.19,7623.96,1
Laura,34,70.14,160.13,151.91,83.3,5.61,33.85,0.8,4449.51,0
Laura,55,73.66,179.46,159.4,110.43,5.08,43.6,0.9,5491.46,1
Robert,25,153.42,165.95,97.96,106.78,5.89,41.86,1.44,10667.8,0
Robert,56,70.57,287.15,162.96,141.37,5.78,35.42,1.24,4735.64,0
James,74,88.84,209.52,104.09,144.42,5.37,26.3,0.63,5852.35,0
Daniel,22,87.02,285.17,176.67,69.03,5.19,13.55,0.97,10112.86,0
Laura,55,112.22,284.47,96.67,88.33,5.37,29.51,0.72,9254.38,0
James,67,160.74,171.91,95.38,72.42,6.02,49.68,1.17,9170.85,0
Robert,87,89.18,283.97,101.8,135.77,5.02,25.05,0.95,10726.09,1
Emily,86,147.91,277.83,113.56,75.89,5.98,26.35,1.11,7658.36,1
Daniel,49,94.47,206.36,96.49,75.03,4.54,43.29,1.17,6037.81,1
Sarah,28,142.61,259.78,150.47,72.56,6.23,17.18,0.8,6880.3,0
Jessica,18,167.72,211.45,104.8,99.84,6.03,39.21,1.43,6737.46,1
Michael,72,89.58,234.74,151.36,94.05,4.59,24.56,1.44,6676.21,1
Sophia,88,148.72,280.98,127.3,59.31,6.38,23.49,1.49,7226.16,1
James,67,172.43,182.73,148.68,127.75,5.85,36.97,0.69,10194.38,0
Jessica,70,189.77,160.14,139.68,95.24,5.11,40.24,0.61,4656.99,1
Daniel,78,176.81,173.05,101.86,144.92,5.08,42.24,1.3,5480.23,0
Sarah,34,133.15,229.57,130.13,108.75,4.55,34.65,1.33,9434.34,0
Laura,20,170.97,167.93,160.45,98.03,4.97,32.73,0.88,5146.38,1
John,19,180.77,296.29,107.78,112.46,4.94,13.01,0.74,10484.49,0
Robert,61,142.32,277.95,119.87,82.1,4.98,28.54,1.39,8186.66,1
Laura,53,170.15,274.65,169.45,90.79,6.13,39.34,1.35,10618.43,1
Daniel,89,189.85,204.59,151.8,76.18,4.69,23.44,1.04,8744.63,1
James,80,137.08,250.97,95.35,114.37,4.66,35.43,1.36,9093.93,1
Emily,35,105.65,185.63,162.74,95.36,5.6,18.68,0.84,9214.71,0
Michael,48,80.44,225.05,165.05,66.07,5.24,13.66,0.92,8258.4,1
Daniel,32,88.59,205.95,132.97,113.31,4.96,21.11,1.15,8704.38,0
Emily,68,195.83,230.78,169.17,88.65,5.39,39.42,1.03,9394.15,1
Robert,50,103.45,229.81,145.87,149.48,5.77,25.08,1.37,5270.85,0
Emily,22,197.62,280.04,99.51,118.14,4.82,43.4,0.72,7596.11,0
James,21,109.07,260.83,131.7,71.02,5.86,10.73,1.45,4580.34,1
James,73,173.55,228.25,148.49,56.97,5.15,22.76,0.64,10055.28,0
Jessica,42,143.95,228.91,179.28,128.52,6.44,45.34,1.34,5899.93,1
Emily,38,114.63,203.04,81.44,110.77,4.68,10.76,0.68,10620.21,0
Michael,47,186.08,287.49,146.73,62.24,6.35,44.75,0.96,6970.91,0
Sophia,73,182.26,245.37,175.24,56.11,5.7,41.72,1.27,5519.23,1
Michael,35,176.49,217,131.8,118.96,4.81,10.02,1.14,5135.7,0
Laura,58,170.46,181.38,111.41,84.32,5.97,12.76,1.3,9938.34,0
Robert,83,76.77,293.16,88.28,108.76,6.47,31.24,0.54,9409.09,0
Daniel,48,70.35,226.17,150.6,66.12,5.46,34.63,1.13,8409.41,0
Michael,88,129.14,250.16,122.71,69.96,5.95,44.47,1.16,7714.86,0
Robert,31,167.92,248.89,112.62,77.25,6.24,29.04,1.22,9553.82,0
Laura,51,197.05,209.68,117.41,141.76,5.89,45.2,0.78,8564.47,0
John,88,82.1,243.57,122.31,148.72,5.01,27.58,0.56,9803.92,0
Michael,87,86.26,227.36,145.13,61.97,6.06,46.33,0.57,4206.66,0
Jessica,20,163.89,257.12,132.69,103.92,6.21,14.47,1.4,6984.71,0
Daniel,65,148.41,226.37,96.53,146.46,6.49,23.29,0.78,7428.42,1
Daniel,67,129.67,230.22,98.85,117.38,5.04,32.69,1.27,5068.01,1
Michael,83,142.83,293.62,159.07,89.19,4.53,46.58,0.76,8231.46,0
Daniel,41,95.49,215.2,128.63,63.8,4.76,10.55,0.52,6058.01,1
Emily,71,140.77,291.52,125.77,60.41,4.66,49.78,1.49,7276.39,0
Sarah,73,186.02,170,110.46,68.79,6.27,13.74,0.55,4708.26,1
Daniel,84,170.83,199.09,143.43,71.13,4.61,15.6,0.59,10200.69,1
Sophia,77,147.96,181.41,96.5,113.65,6.11,42.29,1.18,4506.32,0
Daniel,80,135.82,247.09,143.85,85.46,5.81,47.97,1.08,7710.91,1
James,22,162.59,275.02,136.86,85.32,5.33,15.82,1.29,9926.33,1
Jessica,75,191.68,174.57,88.98,126.56,5.6,19.67,1.11,9855.04,0
Sophia,45,139.49,205.79,92.64,69.13,6.42,38.1,1.31,6746.92,0
Jessica,86,112.52,192.1,139.4,125.46,6.5,18.79,0.96,9915.34,1
Daniel,30,132.81,209.92,154.37,139.6,6.14,41.1,1.03,9171.59,1
Daniel,77,178.53,272.44,159.38,73.43,5.96,42.41,1.26,9972.69,1
John,21,97.6,202.67,112.29,96.76,5.03,29.99,0.77,7580.4,0
Robert,31,185.05,195.71,123.99,104.25,5.39,14.34,0.92,7658.38,1
John,38,170.46,152.05,128.64,144.34,4.82,23.27,0.71,4656.84,0
Sarah,44,171.21,245.72,167.79,107.52,6.19,22.77,1.36,5145.8,1
Emily,50,180.02,186.41,135.02,129.14,5.58,46.58,0.99,5858.63,0
Sophia,85,101.83,261.88,176.62,137.23,5.92,34.48,1.05,7076.58,0
Emily,50,186.7,291.22,149.14,96.83,4.63,40.81,0.64,6232.34,1
Michael,58,156.92,184.68,108.17,112.15,6.24,32.58,1.39,9436.54,0
James,44,117.72,254.7,104.33,127.52,5.48,19.73,0.78,8078.3,1
Jessica,84,118.09,194.16,123.24,75.92,6.34,16.79,1.15,5288.16,0
Sophia,46,193.79,249.65,156.97,110.89,5.98,27.75,0.75,7341.43,1
James,40,135.96,256.25,86.68,145.65,5.09,12.07,0.59,8632.19,1
Sophia,54,73.72,154.29,174.6,75.09,6.04,27.29,1.47,4166.33,0
Laura,86,80.7,296.88,136.02,78.69,6.41,47.39,0.94,4136.69,1
Laura,58,99.71,214.77,134.61,141.35,5.2,46.56,0.59,6608.4,1
James,33,146.49,248.98,136.55,119.17,5.47,25.65,1.33,7191.57,1
Sarah,34,107.65,265.35,82.62,148.8,6.4,49.44,1.2,6987.08,1
Jessica,48,81.92,187.95,146.05,137.51,4.6,30.71,1.35,9845.16,1
Laura,33,139.3,272.15,118.62,61.85,5.44,46.89,1.37,5368.93,1
Laura,22,76.41,230.07,159.57,126.95,5.56,19.42,0.99,4710.04,1
John,89,182.75,201.59,102.69,62.58,5.16,26.99,1.03,9874.27,0
Emily,63,132.41,289.65,149.7,99.38,5.56,18.38,1.08,5835.43,1
Daniel,61,119.96,175.51,112.02,135.91,5.63,49.77,1.29,4084.48,1
Sarah,58,186.04,221.87,80.64,71.26,4.86,44.01,1.12,10184.86,1
John,86,103.67,172.89,125.42,98.72,4.89,45.77,0.79,8920.09,0
Daniel,78,183.44,296.37,176.69,95.98,5.55,39.32,0.78,5777.75,1
Sarah,54,100.2,209.42,103.58,99.13,4.5,39.41,1.22,10503.39,0
Sophia,64,76.95,183.3,145.19,112.28,5.62,44,0.56,10447.34,0
Daniel,81,109.59,213.31,127.05,97.22,4.9,48.84,1.42,8206.85,0
Sarah,30,181.01,233.83,148.78,121.76,5.43,47.36,0.93,10337.17,0
Emily,29,143.26,290.26,137.6,130.32,4.79,27.53,1.14,10883.91,1
Sarah,43,105,215.71,170.02,64.68,5.38,36.56,1.21,7047.21,1
Daniel,68,149.52,282.2,123.15,73.69,6.29,38.79,1.08,4842.31,1
Jessica,38,78.86,255.99,88.88,96.33,4.76,29.94,1.07,4026.39,1
Michael,71,121.52,267.72,157.88,90.31,4.56,22.89,1.06,8222.99,1
James,24,168.13,165.17,132.82,88.44,5.3,43.48,1.23,10769.02,1
Michael,71,99.47,283.06,146.19,105.24,4.6,41.6,0.82,8122.35,1
Daniel,27,115.98,239.12,93.02,65.12,4.97,17.09,0.61,7929.2,0
John,73,175.38,150.67,99.78,54.17,5.58,39.82,1.09,6554.61,1
Jessica,33,75.45,199.29,103.67,122.5,5.12,49.36,0.72,5298.59,0
Sophia,42,99.07,262.05,83.9,94.65,5.45,40.68,0.88,8637.37,1
James,49,148.63,264.81,99.7,132.2,4.51,10.55,1.12,8837.15,0
Jessica,57,146.92,228.88,106.68,110.59,5.72,34.93,0.75,4602.08,1
Daniel,59,146.92,213.2,132.09,139.5,5.59,19.93,1.32,10279.93,0
Jessica,51,162.54,243.78,164.99,76.6,6.46,41.87,1.16,7144.49,1
Sarah,45,187.64,163.16,165.85,146.35,5.47,41.98,0.83,9466.82,1
James,40,180.26,276.36,119.26,85.95,6.24,49.86,1.47,6606.45,0
Jessica,50,109.77,262.53,117.19,61.39,5.84,44.58,1.03,9569.09,0
Emily,89,114.83,172.66,84.81,79.79,4.77,33.09,0.91,4562.52,1
Jessica,20,124.84,252.09,145.84,130.81,5.52,10.77,1.18,7747.63,1
Jessica,80,120.56,245.77,134.32,98.78,5.91,28.36,1.37,4475.88,0
James,85,166.56,233.97,107.61,144.16,5.93,30.25,1.08,7147.64,0
James,27,180.27,299.97,171.66,144.49,4.62,10.36,0.92,9439.66,1
Robert,22,144.05,288.18,109.36,139.49,5.49,38.29,0.57,10972.95,0
James,61,167.83,175.78,159.12,52.97,4.82,41.94,0.54,7533.44,0
John,54,181.06,251.53,85.37,128.94,5.72,26.23,0.93,10517.46,0
Jessica,70,169.86,159.17,90.73,123.04,6.39,44.12,1.38,10107.39,1
Emily,38,142.56,193.82,147.83,87.77,4.58,42.98,0.84,7487.03,0
Laura,38,171.78,200.16,126.16,71.75,6.34,10.29,0.83,4133.68,1
James,40,168.6,203.22,168.57,108.35,6.08,13.27,0.8,8881.74,1
Daniel,51,149.25,186.86,102.73,81.57,4.87,29.33,0.61,8442.9,1
John,31,105.54,261,91.88,109.24,4.82,27.99,1.5,7105.98,1
Laura,75,146.04,216.55,98.24,111.92,4.59,25.88,0.5,6123.99,1
Daniel,24,148.47,240.02,85.51,119.04,5.32,12.93,1.27,4935.89,0
John,65,132.35,238.78,165.44,93.98,4.76,13.3,1.14,7170.3,1
Daniel,48,115.61,198.79,179.46,85.14,5.25,14.33,1.46,7123.5,0
Laura,40,75.55,224.91,107.31,106.99,6.37,21.61,1.34,4520.95,0
Jessica,24,172.41,237.05,113.16,51.69,4.65,45.81,1.1,4099.83,0
Sarah,25,180.68,225.48,145.54,58.31,5.44,46.57,0.81,9571.53,0
Robert,61,189.76,246.73,164.18,119.55,6.23,38.04,0.78,8813.18,1
Michael,45,173.28,262.19,160.07,139.22,6.01,17.66,1.05,6379.87,0
James,56,176.9,158.39,85.29,94.7,5.52,25.05,1.34,9759.96,0
James,71,159.36,215.05,88.68,127.16,4.56,48.81,1.41,8843.07,0
Jessica,82,166.53,274.34,162.81,142.17,5.77,21.15,0.8,7461.03,1
John,44,192.53,285.86,109.61,149.03,4.76,27.58,0.54,6613.84,1
Sophia,25,131.92,251.93,93.63,94.05,5.58,32.17,1.47,7596.29,1
Daniel,49,70.99,221.78,136.38,107.79,4.53,32.6,1.43,8233.34,1
Emily,49,103.9,233.31,147.4,100.05,6.1,45.2,0.56,10085.48,1
Emily,70,70.31,291.94,91.58,93.48,5.83,29.65,0.91,10656.59,1
Emily,56,174.81,228.22,117.21,128.2,5.35,10.64,0.99,9080.78,0
Michael,39,93.75,272.85,133.38,63.69,5.96,16.49,0.92,7301.36,1
Sophia,55,181.98,197.34,101.52,63.95,5.49,47.55,1.38,7373.18,0
Robert,67,95.62,286.57,83.22,93.02,5.69,35.49,0.78,6571.44,1
James,31,73.18,215.37,121.8,54.16,5.77,44.39,1.41,5864.32,0
Michael,25,147.36,241.94,100.98,143.17,5.92,27.91,0.84,9150.34,1
Robert,27,182.02,171.69,159.27,83.82,4.82,36.03,1,4228,0
Robert,54,98.31,182.28,178.88,146.05,4.58,37.71,0.68,10476.57,0
James,51,109.96,297.35,156.8,130.42,5.8,35.08,1.19,10561.78,0
Daniel,60,176.98,233.96,81.22,56.32,6.03,18.4,0.79,5368.62,1
Sarah,39,176.12,281.06,139.89,60.24,5.63,25.34,0.63,8495.73,1
Daniel,29,87.82,261.91,178.8,101.71,5.1,22.77,1.33,9675.2,0
Sophia,89,157.39,205.19,98.73,82.55,5.39,44.17,1.27,8722.15,1
Sophia,68,156.06,156.68,124.16,76.29,5.25,36.11,1.47,8442.8,1
Jessica,53,102.79,175.05,170.87,55.61,6.39,35.28,0.94,8984.4,1
Robert,39,198.95,169.52,161.69,136.35,4.83,37.07,0.96,7554,0
Sarah,25,97.22,231.06,91.12,70.66,6.41,22.12,0.6,7746.86,0
Michael,87,163.45,150.58,112.76,72.7,5.18,38.67,1.17,4289.22,1
Laura,32,161.42,277.83,80.91,91.86,5.84,47.1,0.56,10046.12,0
James,29,109.89,186.28,103.99,143.28,6.08,18.97,0.79,4198.75,0
Jessica,48,178.24,169.23,88.66,94.51,4.76,18.99,0.84,9484.25,1
Jessica,65,124.76,271.03,93.68,72.64,6.4,28.17,1.16,9643.87,0
Laura,34,172.54,187.56,122.15,87.76,6.45,17.41,0.65,10200.31,0
Jessica,38,158.01,243.78,122.71,85.53,4.68,35.9,0.9,4698.6,1
Daniel,29,145.88,218.09,92.47,61.19,4.75,34.92,1.42,6255.42,0
James,87,171.96,276.4,91.14,129.26,5.83,49.04,0.87,4315.87,0
Sophia,59,94.03,268.38,165.17,62.7,5.65,49.37,1.34,5405.19,1
Jessica,39,108.98,262,120.19,113.73,6.09,31.02,0.98,9328.6,0
Emily,83,142.5,232.01,93.13,87.57,5.74,20.47,1.23,10435,1
Sophia,63,189.09,286.12,92.68,99.75,5.33,48.56,0.8,4045.49,1
Sophia,30,168.92,162.17,87.26,127.57,4.94,39.47,1.19,5697.7,0
John,53,153.75,202.69,159.96,91.18,5.85,39.36,1.03,6935.81,0
Emily,31,171.97,197.02,160.22,103.93,4.56,20.15,1.34,6951.77,0
Daniel,25,156.36,295.97,170.31,112.83,6.2,13.55,1.21,5798.02,0
Sophia,84,164.21,210.31,174.67,95.18,6.33,13.89,1.32,4255.06,1
Laura,28,193.8,292.28,131.98,146.61,5.96,49.66,0.75,6745.12,0
Sophia,19,91.65,161.49,170.19,53.75,5.39,43.7,0.8,8813.42,1
Sophia,63,87.98,216.49,128.21,74.26,6.01,32.55,1.44,4568.13,1
Michael,23,137.44,185.93,99.04,109.92,6.29,16.72,1.26,6891.23,0
Laura,45,93.29,226.69,87.96,58.55,4.51,31.65,1.1,6933.55,1
Robert,79,112.15,220.57,111.28,132.01,6.35,33.44,0.88,10238.02,1
Sophia,62,71.8,242.61,107.36,134.42,5.83,31.63,1.07,8205.43,1
Sophia,51,195.77,219.04,98.99,125.97,5.05,39.79,1.05,5784.08,1
Daniel,63,196.62,291.7,152.01,100.59,6.43,27.15,1.17,4333.9,0
Daniel,71,125.8,174.9,128.59,54.18,5.62,39.87,0.9,4024.47,1
Sophia,80,169.58,197.47,162.41,111.47,5.7,45.06,1.27,10768.54,0
Emily,81,109.03,220.58,124.44,97.28,5.41,10.69,1.28,4326.35,1
Michael,81,90.27,222.51,107.96,136.39,5.65,28.13,0.52,9997.83,0
Emily,27,137.95,292.2,139.55,82.69,4.59,10.39,1.17,9653.6,0
Laura,46,90.3,206.69,165.33,122.72,4.67,20.43,1.01,8456.34,1
Michael,85,141.88,260.09,85.92,138.81,6.4,19.38,0.91,4712.53,1
Michael,84,71.53,159.89,136.1,94.95,5.45,22.6,1.39,7646.29,0
Robert,77,73.54,243.95,139.06,81.51,6.43,15.12,1.13,6088.24,1
Robert,80,168.69,150.76,162.49,79.66,4.91,21.23,1.04,8335.2,0
Sophia,37,104.47,164.9,110.55,75.96,4.57,16.92,1.16,7389.16,0
Jessica,83,116.82,183.07,101.18,93.58,5.04,31.41,1.25,10140.48,1
James,77,159.88,268.32,164.72,53.53,5.13,11.6,0.56,5704.41,0
Emily,47,73.75,256.82,172.29,73.34,5.27,42.94,1.27,10943.21,1
Daniel,87,83.27,267.82,123.96,123.42,4.71,47.57,0.79,6910.84,0
Sarah,63,167.93,251.99,176.99,125.11,4.91,25.7,1.46,9924.25,0
James,37,98.34,199.15,112.59,113.21,4.61,28.75,0.6,10508.42,0
Laura,31,113.58,282.12,106.4,60.63,4.51,37.13,0.52,8202.93,1
John,81,146.49,220.29,139.34,79.98,5.44,22.92,0.53,8882.29,1
Michael,44,86.36,173.84,174,128.84,5.7,19.73,0.65,4456.44,1
Sophia,39,194.57,291.94,123.41,112.88,5.34,34.15,1.17,6826.37,1
Sophia,75,138.05,250.57,129.34,110.61,4.82,23.53,1.39,7969.32,0
Michael,34,153.73,238.54,138.38,119.92,4.58,17.26,1.01,4505.28,0
John,26,77.3,297.8,110.27,146.62,6.01,28.86,1.2,9748.38,1
John,40,144.22,207.24,141.61,91.86,6.14,15.67,0.62,5258.25,1
Laura,72,97.86,220.85,165.82,57.96,5.55,10.82,0.75,6407.59,0
Daniel,88,114.93,221.19,169.65,67.78,5.9,15.03,0.8,7877.88,1
Robert,56,188.79,228.75,102.26,113.26,5.58,11.47,1.23,10665.29,0
Laura,55,158.82,254.16,177.63,106.25,4.79,32.41,0.66,5566.29,0
James,19,132.47,168.61,150.87,110.88,6.14,48.24,1.13,9763.51,1
Sarah,52,127.95,253.22,101.47,134.18,4.71,26.24,0.62,6963.69,0
Michael,30,145.01,219.7,172.73,148.81,6.38,43.61,1.36,6053.41,0
Robert,83,131.17,288.03,130.34,105.69,5.64,44.14,0.81,8307.71,0
John,79,130.41,298.37,140.37,77.46,5.2,44,1.08,6812.32,0
Michael,67,184.22,289.88,96.57,113.33,5.08,30.21,1.17,6871.23,1
Sarah,27,122.75,267.21,96.32,117.64,5.87,21.7,0.95,6299.16,0
Sarah,28,199.95,182.48,177.76,125.31,5.69,33.06,0.5,8793.18,1
Laura,61,150.48,192.08,151.54,60.35,5.11,32.44,0.7,8913.42,1
James,88,160.4,151.9,150.04,58.47,5.41,48.47,0.92,10613.91,1
Jessica,38,171.56,194.98,102.02,116.08,5.56,29.5,1.19,9083,1
Sophia,37,196.42,197.31,127.43,140.26,6.38,27.66,1.28,8339.13,1
Michael,75,186.41,248.1,159.67,122.82,5.25,18.79,1.37,8586.04,0
Laura,63,168.3,266.35,152.77,112.21,5.85,34.86,0.71,8873.77,0
Robert,84,136.73,292.55,135.42,50.68,4.6,22.12,0.59,5775.47,0
Laura,23,113.39,175.5,143.39,108.13,4.56,17.33,1.02,6430.86,0
Emily,48,168.65,289.07,159.68,115.79,5.91,20.35,0.98,9002.64,1
James,49,85.48,173.6,175.53,55.44,6.39,35.96,1.04,6537.02,0
Laura,39,123.58,173.81,178.34,113.39,4.56,13.77,0.98,9604.65,0
Michael,45,96.33,213.95,141.89,128.93,6.37,20.63,1.4,5004.98,1
Emily,51,141.15,292.56,167.81,93.81,4.86,16.8,0.83,7565.77,1
Robert,22,158.36,236.21,150.49,79.08,4.98,24.55,1.39,9176,0
Michael,79,155.95,264.33,81.81,85.06,4.98,14.26,0.69,5585.69,0
Jessica,46,124.27,202.96,94.84,57.22,4.54,41.86,0.85,8354.18,0
John,83,97.01,286.13,122.35,80,5.31,49.93,1.1,10573.46,1
Laura,53,177.16,225.84,132.98,137.7,5.59,33.7,0.6,5288.02,0
Emily,87,180.75,274.67,95.24,93.3,5.57,24.73,0.92,10154.27,1
Michael,45,81.69,161.67,117.29,83.63,5.57,30.82,1.4,7735.01,1
Sophia,42,114.69,269.93,107.35,122.28,6.21,23.59,1.3,7009.19,1
Laura,56,159.6,191.73,158.05,97.9,6.29,15.98,1.05,8936.71,0
John,80,197.18,215.02,145.61,75.85,5.02,41.46,0.52,5380.18,1
Michael,21,174.1,213.24,124.62,141.12,5.21,14.68,1.29,8814.79,1
John,25,194.93,215.3,139.2,52.26,4.99,40.91,0.8,6174.54,0
Robert,62,98.04,159.16,83.55,147.86,5.74,48.62,1.1,5843.93,1
Jessica,81,176.92,290.78,85.52,51.98,4.83,25.4,0.67,8416.55,1
James,74,97.8,249.59,129.08,97.54,5.29,45.9,0.56,6889.15,1
John,56,95.81,280.27,152.08,105.44,5.56,18.26,1.16,9709.54,0
Daniel,59,128.13,183.11,119.53,126.61,4.99,28.5,0.95,7680.11,1
Sarah,86,74.59,267.1,86.75,128.24,5.33,16.83,0.88,7386.83,1
John,62,150.09,219.03,161.96,140.74,5.53,11.53,0.95,8874.78,0
James,89,94.54,209.63,159.05,93.89,6.28,48.85,0.99,5893.58,1
Laura,36,128.62,162.98,134.02,105.15,5.13,25.19,1.42,10157.69,1
John,21,83.05,250.91,153.25,113.44,6.06,45.47,1.15,4617.67,0
Daniel,74,142.5,233.15,147.47,104.03,5.81,27.16,1.14,7553.48,1
Sophia,73,139.07,259.47,125.69,127.17,4.65,39.08,1,6441.66,0
Daniel,36,157.95,291.32,154.63,61.03,5.94,43.39,0.8,8272.55,0
Emily,33,88.3,166.04,164.54,122.77,5.81,21.82,0.67,4393.03,1
Emily,38,78.25,163.88,172.19,89.79,5.72,41.71,1.12,8001.24,0
Sarah,19,152.65,153.19,152.74,99.99,5.86,16.44,1.27,5838.8,0
John,18,134.48,289,121.84,136.67,5.14,34.68,1.22,5987.21,1
Emily,50,106.76,200.06,105.87,69.17,4.83,10.81,1.42,4449.12,0
Sophia,31,167.38,265.97,158.36,68.16,5.5,19.15,0.58,7294.42,0
Sophia,67,118.98,299.47,130.96,76.97,5.81,11.23,1.28,7994.45,0
James,88,74.18,185.98,156.79,97.51,4.7,13.07,0.68,10112.86,1
Laura,79,168.78,164.17,97.07,109.22,5.98,39.3,0.7,4893.03,0
Emily,26,141.89,288.8,101.77,77.82,5.78,21.55,1.26,10338.85,0
Laura,85,143.92,297.64,103.65,113.43,4.61,20.29,1.45,6622.58,0
John,81,129.2,155.53,93.05,99.86,5.57,40.74,1.44,5219.12,1
Laura,74,86.5,172.65,94.4,123.45,4.61,12.93,0.59,9083.07,1
Robert,68,137.43,170.07,141.54,140.57,5.4,36.37,0.67,9923.03,1
James,63,125.39,161.51,170.08,101.22,5.93,33.87,1.14,7853.73,1
Sophia,89,196.18,270.17,114.22,94,5.48,29.44,1.26,4014.03,0
Michael,37,107.22,205.48,101.43,127.92,4.85,16.63,0.61,10754.89,1
Robert,64,184.05,166.18,107.76,70.13,4.77,14.05,0.5,6523.49,1
Jessica,61,187.68,285.44,84.14,133.72,4.94,24.79,1.04,7673.9,0
James,62,167.73,198.25,130.35,50.79,5.46,23.13,0.79,6026,0
Sarah,61,164.39,255.83,105.3,148.35,5.66,35.84,0.75,4850.88,0
Sophia,60,141.22,175.9,108.45,80,5.54,47.18,0.63,5996.97,1
Jessica,22,129.81,191.63,88.36,116.37,4.79,33.88,0.95,10352.21,0
Sarah,72,93.57,233.34,158.25,133.97,6.46,48.48,0.95,8216.65,1
John,63,167.51,232.45,167.37,109.35,5.33,20.53,0.82,7223.56,1
Sarah,70,85.12,206.68,105.23,110.44,6.41,34.42,1.12,6321.7,1
Michael,83,97.22,231.16,80.73,130.5,5.73,47.44,1.13,10912.3,0
John,78,129.44,236.46,80.25,108.47,5.59,36.72,0.76,4056.41,0
Jessica,18,177.7,168.25,99.15,78.79,5.44,36.33,1.12,4102.48,0
Robert,47,149.63,293.71,132.38,91.23,6.12,48.35,1.09,4052.83,1
John,27,84.98,292.64,107.63,99.95,5.09,37.6,0.81,8823.83,0
Jessica,20,159.33,273.43,81.9,117.41,5.26,13.97,1.44,6231.43,0
Sarah,55,81.67,219.89,105.43,112.84,5.94,43.01,1.19,9909.44,1
Sarah,69,162.67,298.37,164.65,111.81,4.86,23.19,1.26,6665.06,1
Emily,70,110.59,249.53,164.52,133.63,4.63,27.76,1.19,5462.25,0
Jessica,66,119.49,202.19,178.9,58.56,5.62,46.27,0.91,5516.08,1
Sarah,64,83.21,188.32,131.62,117.19,4.96,36.22,1,8235.08,0
Daniel,76,121.62,206.98,151.74,133.19,4.55,39,1.12,5737.43,1
Emily,43,176.71,153.2,150.33,130.17,5.43,26.23,1.05,7219.83,0
Daniel,71,102.25,157.85,167.46,124.96,5.29,11.7,1.18,8165.88,0
James,81,192.15,252.39,156.53,51.43,4.61,47.17,0.65,5419.05,1
John,30,116.15,263.08,86.02,108.77,6.4,34.1,0.78,5783.04,0
John,56,147,216.58,171.63,91.34,6.27,32.19,1.46,7997.44,0
Sarah,35,137.78,226.95,158.45,52.6,5.72,25.5,0.57,4996.03,1
Sophia,47,81.71,220.57,101.16,116.66,6.45,38.43,0.84,8535.93,1
Laura,69,129.44,244.52,99.11,138.21,5.54,32.02,1.03,9740.86,0
Robert,51,101.66,295.11,149.61,57.49,4.63,47.67,1.37,9503.38,0
Michael,60,122.23,257.15,132.74,72.76,4.64,16.69,1.05,4602.66,0
Michael,24,168.83,237.56,129.36,85.68,6.08,44.87,1.48,6176.88,1
Emily,40,124.74,179.17,134.61,86.02,4.52,20.51,1.46,6041,1
Laura,45,134.46,272.47,137.61,86.31,5.19,41.99,0.82,6291.93,0
Michael,62,173.78,253.94,171.32,55.62,6.04,37.86,0.96,9981.13,1
John,74,132.82,181.06,121.87,116.9,4.86,27.93,1.34,8376.52,1
Michael,67,90.75,283.48,98.3,58.6,5.74,11.58,0.69,6609.09,0
Laura,34,146.85,178.33,140.89,81.86,6.03,49.86,1.24,9159.42,0
Daniel,60,122.06,232.95,178.77,113.66,5.02,37.11,1.28,4643.77,0
Emily,65,196.62,272.84,171.27,53.21,4.97,49.98,1.46,7191.58,0
Sophia,22,72.58,246.6,138.58,136.53,6.46,15.88,0.73,7762.08,0
Daniel,21,199.74,276.64,103.79,127.31,4.72,24.5,0.84,7197.89,0
Robert,42,115.95,151.05,143.54,85.4,5.3,11.35,1.36,5246.98,1
John,45,171.75,253.29,99.51,134.51,4.54,22.86,1.4,4915.89,1
Robert,37,134.12,262.93,115.44,60.24,4.77,21.37,1.33,9725.18,0
Jessica,24,150.17,231.97,133.65,123.15,5.81,16.68,0.76,9479.34,0
Emily,23,151.92,200.76,101.75,88.28,6.17,44.9,1.35,6473.91,0
James,32,101.36,158.44,89.45,108.94,6.29,20.39,1.32,6635.97,0
Laura,19,186.15,259.57,156.01,71,4.65,43.62,0.9,8961.83,1
Sophia,73,131.45,272.41,114.5,96.76,4.6,32.23,1.21,7110.07,1
Daniel,63,194.19,280.93,161.36,85.76,5.25,13.47,0.96,9743.92,1
John,72,71.52,177.65,131.4,88.54,5.99,24.98,1.09,10972.62,1
John,55,185.24,275.19,176.81,116.36,6.47,37.29,1.13,9485.46,1
Laura,33,101.4,268.99,140.36,124.27,6.34,25.18,0.86,9438.49,1
John,87,139.22,256.3,116.26,54.53,5.86,27.47,1.45,6771.84,0
Daniel,18,83.3,213.81,124.51,92.61,6.27,45.88,1.42,7221.01,0
John,57,166.12,272.77,152.96,67.77,6.08,18.88,1.41,5189.26,0
James,35,196.37,176.41,125.26,50.1,4.8,44.57,1.41,9073.61,1
Daniel,32,132.79,203.31,154.55,55.42,6.18,13.58,1.16,5509.41,1
Daniel,73,149.48,166.31,102.56,143.95,5.18,40.52,1.12,6150.85,1
James,21,90.38,167.61,115.67,87.28,5.76,23.77,0.96,10064.36,0
James,26,72.75,262.19,139.13,73.42,6.11,19.68,1.47,5076.45,1
Robert,73,171.24,214.97,145.53,73.75,6.15,46.53,0.88,7063.02,1
Emily,41,78.9,221.14,161.38,77.17,4.95,15.3,0.52,10244.01,0
James,31,136.32,261.55,133.38,72.85,6.44,23.69,1.28,9506.5,0
Sarah,72,86.28,181.77,122.25,110.67,4.82,34.77,0.79,6354.1,0
Sarah,35,191.77,276,152.14,94.36,5.2,46,0.58,10165.13,1
James,82,151.82,232.98,93.1,140.15,4.78,12.32,0.91,6778.95,0
Emily,33,147.01,267.28,165.92,54.22,4.56,38.8,0.74,5703.07,0
John,30,197.59,171,144,83.49,5.22,14.18,0.57,6112.48,0
John,77,82,216.36,99.5,79.85,5.2,38.17,1.22,7889.99,1
Robert,42,180.39,197.81,113.81,70.94,5.3,29.71,0.74,6837.94,0
Jessica,30,75.46,173.66,84.2,66.11,5.23,44.06,0.88,8690.49,0
James,73,142.82,268.58,105.71,67.48,5.65,25.78,0.99,6223.63,0
Daniel,44,72.79,277.96,172.9,122.62,5.98,20.06,0.76,9876.85,0
Daniel,51,158.59,232.64,111.88,64.84,5.42,43.9,0.91,10035.48,1
Emily,47,84.87,173.2,172.59,139.04,6.35,43.56,0.65,8788.47,0
Robert,36,183.39,220.94,115.85,86.58,5.4,47.59,1.08,10324.24,0
John,37,144.11,188.61,108.44,114.54,4.71,27.07,0.84,7945.95,1
Emily,33,128.32,166.25,141.72,125.91,5.09,15,0.91,4842.6,0
James,26,75.65,157.43,105.61,147.88,6.16,30.81,1.18,9832.05,0
John,48,189.3,164.63,139.79,90.34,5.93,39.36,0.97,5801.82,0
Laura,29,71.26,197.09,96.09,146.23,6.2,31.57,1.19,10456.82,0
Robert,71,157.64,246.15,117.78,73.12,5.16,15.58,0.52,9431.21,0
Emily,50,129.71,261.64,179.31,130.43,4.97,43.84,1.17,4030.11,0
Sophia,53,85.96,246.56,103.88,132.57,6.19,44.88,1.25,4565.5,1
Emily,48,75.95,289.64,104.3,96.67,5.86,15.84,0.79,7782.59,1
Laura,69,159.67,270.28,89.12,139.27,6.39,23.07,0.71,10365.25,0
Emily,64,107.12,275.16,145.87,93.82,6.43,15.96,0.56,8367.19,1
Jessica,44,173.09,228.09,124.82,70.61,6.47,39.35,1.17,6763.33,1
John,89,123.44,239.17,91.03,127.87,6.41,18.4,0.73,8560.93,1
Michael,58,132.63,250.29,87.32,133.37,5.13,33.02,0.6,9065.66,1
Michael,87,182.91,270.02,159.38,131.64,5.52,40.03,0.75,4347.29,0
James,72,152.2,252.7,142.17,59.6,4.96,27.69,1.06,4940.71,0
Michael,51,78.5,156.49,116.34,149.9,4.81,47.57,0.67,7370.76,1
Robert,18,93.71,195.47,114.79,148.73,6.16,46.6,0.52,10850.58,0
John,38,191.54,275.89,101.2,58.06,5.48,26.24,0.55,8980.2,0
Michael,89,147.52,250.76,82.49,97.96,5.83,44.27,0.53,6399,0
James,89,99.17,283.21,100.33,77.76,5.53,31.6,1.39,7889.82,1
Daniel,51,94.13,247.46,132.13,98.1,6.09,15.54,0.55,5580.45,1
John,87,105.23,170.07,95.92,143.69,4.69,34.72,0.94,4072.48,0
Sophia,41,87.64,181.05,87.14,57.64,5.81,27.87,1.49,8203.97,0
Daniel,52,108.54,232.17,137.79,114.52,5.25,25.03,0.69,9129.48,0
James,33,127.02,242.76,88.09,79.78,4.77,46.7,0.9,8578.98,0
Sarah,31,77.74,245.75,113.04,60.69,4.71,47.48,0.82,4188.37,0
Jessica,52,157.91,173.99,113.26,56.63,4.51,19.29,0.6,10745.67,0
Emily,87,129.24,200.29,100.87,89.01,5.02,39.75,0.78,7735.88,0
Jessica,66,168.17,251.34,121.39,64.41,5.69,25.99,1.32,5890.19,1
Robert,70,169.52,185.21,166.55,130.58,6.29,36.75,0.51,4454.83,1
Sophia,56,195.98,197.87,153.51,113.89,4.79,47.47,1.05,9339.68,1
Daniel,27,77.51,165.2,118.37,108.97,5.14,16.34,1.36,6253.56,0
Laura,45,196.27,197.75,150.38,60.84,5.46,23.38,0.58,6096.79,0
Emily,77,74.01,216.9,152.92,105.99,5.4,26.49,1.18,10159.05,1
James,26,136.85,161.55,121.99,78.5,4.94,34.43,1.04,5622.79,1
John,88,114.75,299.25,139.26,129.17,5.36,33.88,1.21,6760.66,0
James,72,189.39,222.87,83.6,66.58,6.43,19.16,0.66,4652.01,0
Michael,87,196.75,239.14,100.89,134.75,5.19,27.76,1.3,4623.5,1
Robert,59,76.16,262.17,166.39,103,6.02,11.21,1.48,4541.06,1
John,33,126,270.8,158.46,52.29,4.55,26.82,0.63,9539.52,1
Daniel,50,170.12,167.91,93.14,85.63,5.05,45.39,1.27,9734.66,1
James,20,124.96,251.94,80.48,63.53,5.75,10.98,1.4,7204.54,1
Laura,89,191.07,232.11,110.05,136.61,5.69,49.41,0.91,8520.58,0
Daniel,83,86,185.6,163.59,147.11,4.98,16.71,0.51,10209.76,1
James,71,157.86,232.71,101.56,122.64,4.67,23.17,0.97,4302.67,0
James,86,125.1,264.51,84.93,59.56,5.71,37.3,1.41,8573.47,0
Robert,62,172.09,207.02,135.99,128.74,6.19,25.37,0.59,5263.58,1
Sophia,79,80.4,228.29,147.58,67.35,6.25,14.91,0.78,5274.86,0
Emily,26,86.42,180.71,163.83,57.34,4.79,17.37,1.11,9797.32,1
John,75,175.55,281.91,144.28,147.19,5.01,17.4,1.1,6563.13,0
Emily,23,88.88,193.05,109.6,85.88,6.19,44.2,0.66,9093.61,1
Sarah,44,159.88,296.91,105.26,108.92,4.71,42.63,0.94,8524.3,0
John,75,88.05,179.32,81.76,53.05,6.44,35.61,0.76,8285.2,0
James,74,97.95,213.44,158.62,112.75,5.88,26.33,1.15,9896,0
Sophia,65,138.58,254.67,174.57,93.22,4.8,26.18,0.97,4512.57,0
John,87,162.24,152.74,178.59,121.34,5.79,18.13,0.87,6488.83,1
Emily,33,147.29,282.67,92.18,148.82,5.47,29.63,1.29,10545.01,0
John,54,148.51,252.47,135.19,89.12,5.77,13.47,0.74,7866.19,0
Robert,34,160.23,275.66,134.6,122.89,6.05,18.28,1.04,9632.77,1
Jessica,53,117.66,292.16,124.63,144.73,4.61,39.65,1.26,4549.47,1
Sarah,31,169.26,219.26,82.14,146.49,6.38,32.14,1.23,9874.55,0
Emily,60,117.94,215.83,176.97,61.11,4.77,47.11,0.9,7334.46,0
James,88,110.9,276.9,169.87,138.48,4.79,35.46,0.89,8806.09,0
James,51,106.67,196.47,85.54,123.68,5.45,32.04,0.7,5789.8,0
Sarah,36,168.51,161.07,131.49,94.97,4.62,47.74,1.33,10387.05,0
Daniel,32,161.55,172.54,133.24,134.33,5.32,24.98,1.13,5446.86,1
Jessica,89,107.9,178.1,136.21,100.08,6.02,32.57,0.74,6556.61,0
Laura,43,96.08,283.66,104.41,118.27,4.79,31.58,1.07,6953.74,0
Daniel,82,176.44,204.37,148.29,69.06,5.27,37.97,1.41,9831.43,1
James,57,166.01,264,138.58,74.75,5.82,20.37,1.34,10707.37,1
Michael,84,112.74,256.28,162.45,65.94,5.58,38.51,1.39,4232.65,0
Daniel,56,88.75,228,167.59,142.62,4.62,25.13,0.88,8196.69,1
Robert,44,170.7,246.49,95.66,53.09,6.16,34.78,0.86,9695.48,0
James,77,171.92,251.64,155.85,51.17,5.64,16.4,0.76,9508.32,1
James,62,71.61,289.34,98.83,95.94,4.81,13.85,1.34,10273.49,1
James,73,115.54,180.11,147.12,113.55,5.56,15.3,1.05,7983.95,1
Laura,68,185.02,197.74,113.57,73.78,5.54,37.76,0.64,4374.48,0
Robert,36,146.88,248.06,109.3,63.19,5.39,39.65,0.51,5161.03,0
Emily,72,118.32,261.99,117.03,144.57,4.61,24.36,1.46,5068.11,0
James,48,173.43,175.36,171.15,62.65,4.77,18.25,0.93,10006.8,1
Emily,60,137.81,231.58,157.85,60.59,6.07,22.9,1.08,10766.18,1
Michael,32,101.45,223.65,84.96,78.03,5.36,34.85,0.98,6587.76,1
Jessica,28,158.35,254.65,134.04,55.86,5.42,14.41,1.47,6167.75,1
Jessica,69,183.22,183.09,175.72,111.08,5.86,21.89,0.83,5104.2,1
Jessica,81,75.57,246.77,118.06,114.32,4.74,12.06,0.58,5218.24,0
Sarah,50,182.44,187.03,86.27,113.51,5.93,18.27,1.12,6867.16,1
Emily,37,103.8,260.93,99.83,100.7,5.59,10.02,0.98,9564.65,0
Emily,79,95.73,276.44,122.99,87.03,4.8,43.95,0.55,7523.29,0
Emily,79,141.66,268.4,144.16,58.14,6.45,12.78,1.18,9110.53,0
James,62,172.45,237.92,122.07,61.44,4.59,23.39,0.67,8567.09,0
Michael,39,180.39,289.97,114.7,50.47,5.07,13.24,1.15,9386.4,0
John,23,106.5,175.47,162.62,87.19,4.97,41.85,0.91,6643.32,1
Sarah,75,81.32,177.44,142.43,127.8,5.22,40.11,1.23,7204.62,1
Michael,57,71.27,286.76,156.79,122.19,5.18,46.06,0.85,7503.48,0
John,42,174.07,240.03,94.89,81.31,6.14,46.43,0.71,8751.52,0
Laura,20,85.82,226.82,127.6,113.81,6.35,32.83,1.36,8770.97,0
Michael,57,132.22,154.46,88.39,71.61,4.57,48.68,1.19,8585.8,1
Emily,42,166.64,171.48,175.1,135.69,5.09,34.69,0.91,8575.44,1
James,70,160.29,156.28,166.29,53.17,6.18,29.98,0.96,5038.43,1
Jessica,75,78.87,172.01,118.13,91.14,4.55,21.83,0.73,6708.1,0
Jessica,55,83.59,164.95,156.72,145.55,6.07,40.48,0.51,5703.22,1
John,78,196.84,276.34,100.99,82.82,5.65,38.83,1.41,9186.76,0
Sophia,33,199.3,267.84,129.91,149.66,5.32,26.5,1.27,7313.91,0
John,48,194.83,276.55,107.68,72.8,4.77,39.74,1.05,9316.95,1
Jessica,48,156.77,193.09,152.71,139.9,5.73,14.28,0.9,10959.45,1
Emily,29,104.88,245.6,147.41,57.07,6.44,35.9,1.37,6490.35,0
Sarah,49,158.46,264.07,133.33,112.29,5.39,11.81,1.49,5861.95,1
Laura,82,169.22,176.24,100.31,52.79,6.31,41.22,1.15,4759.45,1
Michael,75,128.9,292.92,125.95,138.47,4.91,15.23,1.23,7366.47,0
Laura,66,144.39,260.53,122.11,61.3,5.73,18.28,0.86,8136.08,0
John,75,92.08,233.73,101.63,108.44,6.35,13.74,0.58,10793.05,0
Laura,48,197.6,174.63,132.46,78.2,5.73,33.26,1.08,7833.3,0
Sophia,33,147.77,253.42,106.42,138.02,5.22,18.73,1.18,5288.3,1
Michael,57,163.46,224.18,167.87,132.83,6.27,42.63,1,6087.03,0
Michael,49,97.21,164.9,115.4,103.98,5.69,31.66,1.03,8793.06,1
Robert,72,188.48,231.34,161.06,84.02,5.25,16.78,1.37,10025.81,1
Robert,80,92.19,184.47,111.18,59.87,6.01,35.43,0.98,4402.97,1
Sophia,54,111.53,286.22,102.47,135.84,5.76,15.52,1.13,4677.45,1
James,54,86.04,250.72,98.88,57.16,4.75,24.63,1.46,10419.78,0
Jessica,50,158.91,281.69,138.88,74.25,5.21,48.29,1.41,6369.05,1
Emily,25,120.5,206.97,103,106.11,4.61,20.71,1.48,6252.69,0
Daniel,88,99.22,165.12,150.76,146.85,5.71,17.68,0.59,6855.93,0
Michael,26,79.12,251.48,170.18,65.38,5.69,22.23,0.55,4720.61,1
Michael,67,111.95,260.27,102.65,73.14,4.7,36.51,0.51,4238.74,0
Robert,27,153.32,230.94,148,148.25,4.92,15.55,1.35,6369.52,1
Emily,28,185.59,298.24,142.41,79.76,6.18,34.24,1.33,6624.67,0
Robert,53,97.23,151.28,91.5,95.73,6.46,21.68,1.47,5821.85,1
Laura,66,111.07,285.32,120.4,123.84,4.85,27.4,0.62,4439.5,0
James,35,155.48,155.74,110.32,69.86,4.95,10.03,0.8,9185.56,1
Laura,87,166.02,157.45,121.27,92.32,6.02,15.25,0.79,9245.69,1
Laura,23,136.85,207.04,177.08,116.19,5.18,41.35,0.72,5606.19,0
John,62,138.15,153.49,134.6,96.54,6.41,35.16,0.84,6632.97,1
Robert,30,85.73,231.08,161.57,112.81,6.1,48.37,0.96,7169.15,0
Michael,82,103.75,204.57,137.48,145.07,5.02,45.93,0.9,7621.99,1
Emily,61,145.34,271.85,97.81,94.08,4.62,13.06,1.25,8200.37,0
Sophia,35,191.96,242.29,177.65,76.35,6.24,31.13,1.45,4374.06,1
Jessica,82,184.88,210.29,176.53,136.84,4.81,41.59,0.63,9865.55,0
Michael,64,95.98,199.1,136.77,149.41,6.26,22.32,0.85,7866.5,1
Sophia,18,77.71,273.59,167.28,51.96,6.04,32.93,1.29,10948.97,0
Jessica,88,155.92,262.68,121.37,112.76,5.97,18.84,1.29,6627.11,0
Sarah,57,183.38,242.02,144.62,60.68,6.17,32.21,0.83,9768.83,0
Daniel,21,88.95,185.88,93.7,51.02,5.72,24.52,0.84,8759.88,1
Michael,65,117.41,200.62,141.78,52.73,4.58,28.91,0.78,4835.58,1
Robert,59,176.2,194.03,135.36,79.18,4.74,38.51,1.19,10658.75,1
James,20,113.62,155.23,161.94,80.13,5.45,45.3,1.02,8054.87,1
Sophia,84,139.79,250.71,157.37,64.61,5.22,43.96,1.04,7918.58,0
John,81,134.75,236.66,165.24,54.36,5.96,42.12,1.12,5011.76,1
James,89,99.61,220.66,115.29,74.49,6.21,20.81,0.86,7663.56,1
Sophia,56,197.67,207.65,156.68,100.21,5.51,36.7,0.82,7115.09,1
Robert,77,188.06,283.1,100.46,73.61,6.31,16.16,0.69,8279.29,1
James,38,158.8,285.43,90.44,141.74,5.44,18.02,0.62,9890.99,0
Laura,30,164.71,156.62,131.35,119.44,6.26,37.79,0.79,4061.43,0
James,55,194.32,243.56,137.04,75.11,5.9,43.35,1.37,4423.43,0
Laura,87,104,244.79,160.06,103.7,4.93,25.67,0.94,6739.22,0
Michael,44,106.54,175.29,119.7,145.17,5.68,41.7,1.33,5370.39,1
Robert,27,192.29,236.23,143.1,81.35,5.61,26.08,1.11,10000.03,0
James,47,177.14,273.32,150.6,96.08,5.85,22.62,0.97,8112.18,1
John,45,125.43,237.02,116.86,75.58,4.85,46.81,0.88,4310.98,1
Michael,29,186.37,199.61,135.51,111.99,4.58,23.97,1.3,7912.58,0
Daniel,32,123.12,177.6,152.04,94.52,5.55,30.95,1.34,5571.34,0
Laura,20,196.94,160.79,112.57,56.5,5.54,32.63,0.84,6250.41,1
Daniel,27,196.52,214.42,103.06,90.86,6.27,37.75,0.51,9318.71,1
Sophia,86,104.48,272.83,165.07,87.76,6.27,10.76,0.96,5726.71,1
Jessica,38,92.22,270.81,91.86,77.56,6.19,24.17,0.51,4304.69,0
Sophia,77,195.93,273.44,84.35,65.2,4.96,10.52,1.35,6391.32,0
Sarah,73,154.36,254.5,85.51,77.13,5.65,19.17,0.76,7158.88,1
Sarah,61,104.45,244.57,115.67,94.83,4.68,25.39,0.69,6303.66,1
James,40,147.69,150.22,115.88,104.85,5.34,14.6,0.81,10931.02,0
Sophia,59,142.34,194.55,136.37,97.56,6.38,36.86,1.08,5980.57,0
Sophia,51,73.42,235.23,117.69,132.61,6.23,37.97,1.39,8795.6,1
Robert,56,101.04,259.04,128.88,61.94,4.71,22.47,1.16,8273.58,1
Laura,26,156.43,192.21,98.17,91.53,4.84,38.66,1.29,7375.83,1
Sophia,50,148.52,244.73,167.6,94.95,5.15,46.16,0.82,6398.7,0
Daniel,61,174.81,228.09,139.31,130.37,4.76,38.92,1.38,4774.18,0
Robert,88,169.8,282.79,116.59,93.95,5.73,38.39,1.28,9204.5,1
Sarah,74,149.65,246.15,85.98,54.73,4.85,40.97,1.13,8941.68,0
Sarah,86,166.87,150.27,163.18,54.49,5.43,37.71,0.91,5260.5,0
Sarah,37,159.68,198.41,136.85,84.17,4.86,22.76,1.16,9657.02,0
Laura,48,116.88,261.55,147.55,121.21,6.16,22.24,0.9,4232.11,0
Sarah,78,159.83,196.58,92.21,130.8,4.99,45.44,1.08,7065.23,1
Robert,67,119.46,192.76,147.73,74.46,6.01,11.31,0.75,7819.75,1
Jessica,79,179.9,178.1,134.16,110.16,5.94,26.79,0.59,6398.04,0
Michael,87,70.38,189.38,149.52,111.57,5.53,28.3,0.8,4881.62,0
Sarah,32,111.04,196,172.39,124.49,4.99,15.53,0.91,6474.67,0
Sophia,37,104.48,211.38,126.84,67.46,5.49,16.73,0.95,9635.71,1
James,58,81.74,202.88,95.65,58.55,5.17,28.89,1.34,6444.57,1
Sarah,23,102,223.45,170.82,121.33,4.66,23.05,1.25,10777.57,0
James,29,129.86,161.8,127.45,124.79,6.19,28.07,1.08,5378.68,0
Sophia,47,193.91,184.41,87.02,62.39,5.24,19.68,0.77,8307.92,1
Emily,50,194,288.1,172.4,63.6,6.21,36.98,1.01,4638.15,0
Laura,54,166,293.06,111.83,148.72,4.73,18.85,1.42,6384.5,1
Sarah,55,105.52,237.87,139.7,112.9,4.69,36.28,0.65,7639.51,0
Robert,65,104.32,252.31,95.32,68.44,5.31,27.83,1.16,5466.58,0
James,40,142.67,223.14,154.39,146.77,4.72,10.5,1.19,7743.96,0
Sarah,72,187.32,271.85,143.76,144.79,5.53,20.97,0.88,4921.14,0
Sophia,77,92,162.48,135.3,101.25,4.88,19.93,1.47,6718.24,0
John,54,199.84,265.11,115.55,54.84,4.93,30.14,1.18,7866.87,0
Robert,57,175.14,262.93,179.42,114.15,5.64,22.86,1.08,9494.52,0
Jessica,19,150.21,218.37,174.53,146.95,5.91,27.52,0.85,9503.01,1
Sarah,32,89.13,189.82,177.84,132.18,4.88,20.07,0.66,7638.48,0
James,81,154.06,224.97,125.85,50.07,4.88,49.35,0.81,7315.1,0
James,87,176.01,255.63,174.54,139.59,4.97,23.89,1,6834.01,1
Emily,61,78.94,198,179.7,105.25,4.75,17.39,0.89,10914.3,0
Robert,48,144.8,207.18,179.6,69.68,5.27,34.27,0.76,10594.49,0
Laura,35,133.33,205.79,165.58,99.43,5.3,30.04,1.27,4506.06,1
Michael,30,76.22,269.04,137.25,54.17,6.1,45.65,1.06,8026.53,0
Emily,24,90.52,236.68,99.19,96.78,5.99,18.3,1.42,10372.84,0
Daniel,24,166.95,175.83,160.99,99.36,5.38,10.8,1.01,5676.9,1
Daniel,72,91.66,284.58,91.08,55.79,5.53,20.1,1.06,7672.04,0
John,50,70.88,244.27,107.01,89.15,4.66,39.49,1.09,8803.54,1
John,75,176.12,258.21,83.15,125.55,5.87,13.39,1.03,6245.68,0
Laura,87,91.75,208.08,151.97,75.69,4.62,40.51,1.38,5106.13,0
John,26,108.71,236.62,178.35,71.72,5.03,42.06,1.09,6386.8,1
Laura,68,151.15,193,129.01,56.84,6.37,14.72,0.71,8768.71,1
John,77,90.09,273.47,116.31,137.75,4.55,33.21,1.1,8703.11,1
Robert,79,159.61,234.95,170.34,148.08,5.03,34.84,0.78,7651.31,0
Emily,32,77.99,192.72,99.09,131.37,4.92,39.63,0.56,10453.44,1
Michael,79,138.83,214.94,124.95,116.81,4.65,22.5,0.64,4400.97,0
Jessica,64,180.47,199.67,162.09,71.38,5.11,17.37,0.58,6847.3,0
Jessica,58,167.62,240.58,172.6,133.08,4.88,30.36,0.79,10406.47,0
Sophia,53,163.8,196.04,132.24,145.87,5.46,41.61,0.51,5937.33,1
James,71,154.66,206.14,114.08,113.78,6.42,28.32,1.1,5068.7,0
Robert,35,82.6,238.1,120.23,128.83,5.18,13.39,1.06,8967.28,1
Michael,38,91.66,182.87,143.03,130.04,4.63,10.69,0.58,4092.93,1
Michael,53,103.09,217.46,108.1,140.92,6.25,46.26,0.56,8906.79,1
Sarah,42,113.99,186.82,133.62,118.51,4.97,39.34,0.51,4654.97,1
John,20,80.47,270.54,104.42,146.77,4.7,39.27,1.49,4608.75,0
Daniel,52,121.64,249.21,136.74,120.17,4.81,19.71,1.37,5101.81,1
Sophia,29,131.95,162.02,115.59,60.09,5.26,23.79,1.17,9087.32,0
Michael,74,135.26,270.7,81.63,116.15,5.11,40.52,1.4,4074.65,0
John,36,71.42,261.84,169.22,140.58,5.18,43.33,1.43,5484.21,1
Laura,60,143.47,285.54,171.4,87.77,4.98,26.92,1.43,4679.92,0
Jessica,23,90.7,201.66,88.55,110.44,5.29,31.52,0.79,10550.83,0
Robert,68,82.05,250.86,105.77,73.2,4.79,30.39,0.77,7490.67,1
Robert,72,116.99,224.16,103.75,96.09,6.4,30.06,0.56,8949.48,0
Jessica,71,158.51,264.03,111.88,119.57,5.58,21.82,0.57,4349.84,0
Laura,61,106.47,233.09,178.03,62.96,6.29,45.24,1.39,7034.65,0
Robert,59,156.67,201.28,173.48,118.29,6.42,18.55,1.05,9493.92,1
John,44,146.8,197.02,137.55,83.03,5.48,34.96,1.19,7435.49,0
Michael,85,185.57,268,161.73,84.14,6.34,10.7,1.31,9338.93,0
Michael,46,99.99,228.29,81.08,95.56,4.79,10.38,0.68,10654.09,0
John,33,100.76,164.54,119.53,118.45,6.06,42.58,1.32,5560.58,1
Robert,78,194.29,208.55,103.13,97.67,5.95,42.18,1.25,5367.66,1
Michael,37,139.16,236.74,112.83,61.2,4.58,37.81,1.18,6313.75,0
Sophia,85,119.12,251.85,110.03,57.96,5.75,21.73,1.5,9208.8,0
Sophia,38,117.49,184.44,135.87,122.06,6.45,38.41,0.82,10459.34,0
Daniel,65,191.93,272.09,109.37,54.42,6.05,43.93,1.2,5759.35,0
Laura,51,147.43,185.63,157.02,149.85,5.1,49.94,1,6921.06,1
Jessica,59,175.68,190.63,151.64,108.39,6.1,25.47,0.55,9709.51,0
Emily,49,103.27,230.17,174.46,114.04,6.33,22.3,0.55,5275.38,0
John,39,112.16,167.82,154.2,149.37,5.47,25.93,0.59,5372.17,0
Daniel,63,127.14,233.83,120.52,68.75,4.87,10.82,0.57,5325.57,1
Jessica,24,174.67,233.44,151.76,141.25,5.39,39.1,0.69,7754.24,0
Emily,63,119.42,276.71,132.93,140.46,5.01,10.51,0.88,7707.99,0
Michael,60,134.9,168.65,157.32,123.87,4.92,34.94,1.21,10943.06,0
John,82,94.6,164.44,134.39,57.91,4.52,35.34,0.64,9906.31,0
Sophia,85,77.85,183.34,89.9,112.47,4.9,45.88,1.24,8578.02,0
Robert,36,70.63,279.64,125.95,62.72,5.47,12.37,0.78,4968.56,1
Laura,87,78.8,291.08,94.84,71.75,5.5,14.22,0.81,5076.73,1
Michael,79,127.74,152.46,155.21,114.8,5.74,41.56,1.05,9865.73,1
Sarah,21,144.77,205.38,100.15,67.44,4.57,41.95,0.63,5253.02,0
Robert,31,80.19,218.57,174.69,112.47,4.95,36.56,0.58,9283.4,1
John,35,101.44,212.44,87.8,75.75,6.09,23.57,0.73,9582.58,0
Sarah,89,175.1,182.78,105.8,86.55,5.58,21.45,1.14,7052.48,1
Daniel,18,85.47,256.59,135.25,137.26,4.98,34.2,0.73,6977.9,0
Laura,21,97.48,154.38,97.41,116.11,6.17,43.07,1.37,9151.78,1
James,69,121.37,200.81,125.67,52.58,5.17,23.96,0.75,5694.55,1
Robert,23,110.96,262.65,135.19,148.02,4.62,17.24,0.59,6190.54,0
Sophia,27,177.8,224.08,165.22,136.38,6.04,25.88,0.67,5229.41,1
Daniel,53,126.36,182.72,124.39,143.9,5.73,14.06,0.76,8282.21,0
Emily,85,176.95,288.91,80.14,123.02,5.16,14.81,0.89,10148.1,0
Michael,36,71.72,195.68,176.8,139.3,6.26,15.44,0.55,4422.88,0
Robert,87,195.18,241.56,98.83,107.01,5.2,15.3,1.27,5418.61,0
Emily,39,80.83,249.22,176.98,130.52,5.64,33.9,0.77,6439.61,1
Sophia,70,113.63,245.75,117.05,57.67,5.91,38.77,0.94,7656.45,1
Daniel,18,82.8,201.41,162.14,95.86,4.55,23,0.82,4478.08,0
Robert,27,85.34,251.54,101.4,147.32,6.2,38.16,0.67,4947.41,1
Laura,48,71.06,230.8,126.35,89.57,5.29,26.33,1.29,10301.5,1
Sophia,67,170.67,262.44,82.08,147.93,4.8,23.48,0.83,5487.34,1
Jessica,41,105.95,275.16,127.31,144.71,6.02,42.13,1.21,6137.56,1
Michael,64,115.22,204.74,139.66,137.42,5.14,34.42,0.85,7777.75,0
Robert,71,113.04,261.37,152.2,67.15,6.38,29.31,0.88,9921.89,0
Daniel,39,158.42,259.36,131.53,101.28,5.65,45.73,1.34,5033.76,0
Sarah,72,114.16,282.3,136.62,149.67,5.21,40.97,1.45,5781.39,1
John,77,104.37,211.9,115.28,147.92,5.06,10.73,0.6,4430.28,0
Sophia,59,122.96,270.56,149.96,65.15,5.31,20.02,0.78,10910.16,1
Emily,68,85.09,287.34,109.89,74.42,4.62,38.8,1.26,9590.46,0
Jessica,39,144.62,176.72,109.35,97.95,4.9,24.94,0.6,4727.68,1
Robert,70,133.43,298.18,126.38,117.85,4.7,27.09,1.37,5663.15,0
Michael,84,131.12,279.32,108.03,129.11,6.49,42.31,0.74,9997.7,0
Michael,80,134.56,167.82,152.12,79.29,5.75,25.23,0.52,9694.55,1
John,84,93.82,234.32,141.8,85.11,5.37,29.38,1.44,4721.4,1
Sophia,31,187.98,255.64,127.82,103.38,6.1,15.48,1.03,7076.02,1
Jessica,82,99.66,253.81,90.65,70.38,4.87,16.27,0.72,5771.59,0
Laura,61,115.68,230.89,166.84,61.03,4.85,17.09,1.16,8567.87,0
Sarah,68,85.04,181.47,136.53,81.11,5.2,21.63,0.72,4110.82,1
Robert,18,106.21,158.58,92.14,117,5.13,23.67,0.77,4369.86,1
Jessica,48,176.82,232.6,91.14,83.33,5.99,26.07,1.46,5409.92,0
James,80,135.72,226.99,106.75,131.93,4.82,25.54,0.59,5867.69,1
Michael,43,118.9,198.59,168.27,98.08,6.32,28.94,1.19,9352.64,0
Sarah,20,118.76,152.14,177.95,94.15,5.74,45.61,1.46,6483.33,1
John,23,175.3,294.94,122.26,53.43,5.54,28.34,1.19,5927.23,1
Daniel,46,112.24,286.96,152.52,88.87,5.89,19.33,0.99,6445.96,1
Jessica,27,149.82,153.99,122.35,141.69,6.19,22.7,0.89,8921.03,0
Sophia,59,187.19,287.31,126.78,118.52,4.95,45.85,0.63,8999.62,0
Jessica,29,101.83,255.4,174.97,105.87,5.71,47.17,0.55,8395.79,0
John,31,120.01,214.79,124.5,134,4.74,29.42,0.94,8872.98,0
Jessica,76,142.61,199.15,96.52,90.73,5.63,17.87,0.7,6816.6,1
Laura,61,144.94,293.23,159.17,54.93,6.15,12.02,0.73,4349.61,0
Jessica,28,159.05,266.76,113.16,143.61,4.73,33.75,1.23,8477.35,0
Daniel,60,124.23,198.97,150.75,137.87,4.84,31.3,0.58,9702.17,1
Michael,56,81.83,195.99,149.73,94.51,6.15,30.38,1.36,5661.18,1
Laura,81,156.05,294.38,107.86,140.99,5.65,25.27,1.04,6188.5,0
Sarah,88,145.65,251.83,96.11,77.5,6.21,42.16,1.2,4079.9,1
Sarah,79,114.64,173.31,105.31,120.24,4.61,41.34,0.97,10380.53,1
John,46,160.63,183.44,149.38,129.38,5.27,28.67,0.88,10469.01,1
James,84,153.7,212.65,140.78,136.85,4.69,33.81,0.55,8915.2,1
Jessica,37,84.14,263.7,109.17,89.33,5.06,35.64,0.79,10528.65,0
Emily,85,196.17,296.06,176.46,129.93,4.87,11.78,1.05,7974.68,1
Emily,77,90.09,227.47,98.76,109.49,5.53,17.17,1.07,8734.06,1
Sophia,47,102.83,233.87,136.64,100.15,6.05,13.26,1.41,9148.9,1
Sophia,81,178.66,241.7,85.06,112.83,6.05,14.86,0.98,10388.67,1
Michael,43,117.95,296.48,160.42,80.53,5.41,25.3,0.86,4399.15,1
Robert,28,72.48,184.02,121.16,81.06,6.23,43.75,1.03,9921.02,1
Emily,82,156.21,180.9,129.28,137.15,5.78,29.02,0.55,5902.69,0
James,79,108.64,154.19,128.44,125.22,5.65,27.9,0.92,5235.63,1
Jessica,55,191.02,243.15,177.71,67.22,6.28,36.07,1.19,10927.82,1
Michael,64,167.72,262.47,106.69,74.1,5.12,43.1,1.27,6939.36,1
Sarah,56,111.37,237.31,106.98,57.76,5.46,18.74,0.87,8700.9,0
Jessica,45,174.24,188.63,81.15,103.18,5.61,35.95,1.08,8101.87,0
Jessica,29,98.3,227.1,160.3,146.76,6,39.82,1.32,9576.22,1
Emily,55,113.87,289.56,89.8,69.47,5.09,29.07,1.33,10236.62,0
Daniel,36,163.6,278.49,86.58,121.57,4.61,17.28,0.54,8710.41,0
Sophia,85,92.83,299.51,133.47,103.99,5.05,44.22,0.72,6377.21,0
Sarah,82,95.19,161.6,153.48,123.57,5.67,16.83,0.54,5633.24,1
Daniel,25,186.24,288.95,159.05,112.16,4.72,17.73,0.7,7796.92,1
James,63,101.19,257.04,174.03,86.82,6.41,37.69,1.25,10307.24,1
Jessica,28,145.18,261.39,177.76,57.75,6.21,21.52,1.42,6512.75,1
Sarah,58,102.99,184.6,113.63,57.33,5.27,16.33,1.08,5495.6,1
Sophia,28,79.8,162.14,99.1,134.12,6.49,15.31,1.47,10822.32,0
James,33,71.96,181.11,162.99,80.19,4.59,37.39,1.08,6492.81,1
Michael,74,77.89,295.76,177.78,137.2,4.66,35.47,1.04,7253.17,0
Daniel,26,126.18,272.3,111.47,110.02,5.11,47.65,0.84,7671.91,1
Emily,88,148.84,255.61,159.23,125.11,6.32,33.94,1.23,7797.08,1
Sarah,81,187.87,299.21,109.41,56.03,4.59,36.25,1.16,10570.78,1
Sophia,83,179.32,159.32,113.2,117.37,6.46,26.9,0.52,10087.15,0
John,68,112.36,179.28,130.99,65.22,5.31,36.14,0.9,8224.38,0
Sarah,70,164.85,278.34,95.35,141.33,4.61,43.76,0.52,8773.11,0
Sarah,45,142.68,276.49,136.79,121.63,4.85,31.49,0.79,4234.5,0
James,67,109.24,218.03,173.9,132,6.03,43.43,0.52,4035.11,1
Sarah,74,80.79,191.88,99.56,86.58,4.94,43.7,1.44,9412.11,1
James,25,89.06,163.49,110.81,147.12,6.11,31.82,0.79,10892.52,1
Emily,42,131.04,164.75,170.84,106.07,5.12,10.56,0.88,6668.81,0
John,40,117.45,203.24,107.7,128.05,5.3,14.78,0.63,4104.98,1
Robert,46,91.97,256.28,82.19,138.64,5.76,44.95,0.54,10474.78,0
Emily,89,80.89,183.97,165.04,102.74,4.77,15.72,1.19,8773.57,0
Laura,51,136.99,185.98,174.83,75.83,4.58,35.83,0.57,10332.03,1
Jessica,21,154.56,164.56,82.44,87.02,5.1,22.61,1.34,7451.97,1
Michael,37,144.06,156.38,128.42,110.51,6.36,41.84,1.2,4495.51,1
Daniel,76,138.97,222.51,159.29,124.15,4.58,14.19,0.69,5841.17,0
John,85,70.11,272.91,177.09,58.63,5.06,26.12,0.87,7481.53,1
James,84,149.93,211.03,164.54,147.89,5.45,15.83,1.32,8150.04,0
Laura,70,124.75,283.97,169.31,60.59,5.37,24.64,1.23,7809.11,0
Daniel,30,103.59,235.56,126.09,88.29,5.57,47.53,0.84,10044.9,1
Sophia,83,75.69,241.15,135.54,60.16,4.74,29.49,1.22,10193.97,0
Daniel,48,122.19,240.55,115.18,146.78,4.55,24.48,0.85,5370.54,0
Michael,28,89.18,174.16,161.56,132.96,5.04,39.36,1.32,9317.24,0
James,82,182.87,188.43,169.03,133.81,6.09,15.82,1.02,5118.17,1
Emily,21,133.86,205.3,99.01,145.22,6.38,32.14,1.13,7971.62,1
Daniel,26,159.54,267.27,122.16,54.1,6.37,20.7,1.46,4395.73,1
John,47,180.86,296.58,91.83,96.53,4.68,33.86,0.53,4033.49,0
Sophia,23,86.28,233.74,93.97,129.99,5.37,17.91,1.29,8851.55,0
Robert,38,183.28,217.48,98.97,88.57,5.99,35.68,0.64,6620.14,0
Sarah,51,106.06,254.87,165.2,106.63,5.24,22.3,1.27,10013.16,1
Laura,66,147.41,234.4,83.74,106.07,6.31,21.02,1.3,9096.75,0
Laura,35,97.27,241.4,114.02,100.79,4.77,26.39,1.07,5550.1,1
James,77,116.06,215.03,110.91,100.21,6.17,40.03,1.38,4881.9,0
Sarah,83,174.9,171.81,81.91,66.06,5.23,45.58,1.16,10078.6,1
John,75,103.61,160.14,135.55,88.54,5.71,18.35,0.53,4763.03,0
Emily,56,115.66,192.69,152.45,88.57,4.69,10.74,1.16,4519.87,0
Robert,51,130.06,222.27,159.34,101.56,4.6,22.9,0.71,4608.07,0
Sophia,56,178.78,198.65,116.3,126.16,4.71,42.17,0.95,9798.71,1
Michael,70,98.76,289.33,126.83,102.78,6.17,31.55,1.09,6304.37,0
Sophia,52,122.47,153.4,165.51,141.42,5.1,39.08,1,6199.2,0
Laura,64,133.63,247.62,87.18,95.74,6.45,36.69,1.43,4215.2,0
Jessica,76,112.55,152.44,97.61,88.88,5.15,29.83,0.86,8058.53,1
Jessica,63,137.19,238.13,114.4,98.63,4.85,49.58,1,6275.88,1
Sophia,86,121.24,157.59,120.61,82.16,5.24,48.73,0.65,9342.81,0
Michael,42,175.13,162.85,178.9,76.49,6.23,12.35,1.33,10574.58,0
John,38,76.13,159.34,138.16,133.46,5.38,48.79,0.64,6976.95,0
James,39,178.15,252.25,110.84,96.69,5.46,19.7,0.52,4058.49,0
Daniel,46,125.82,232.56,163.55,147.11,5.7,49.65,1,5182.74,0
James,47,123.97,285.34,90.58,116.15,6.36,32.78,0.98,6271.44,1
Sophia,53,172.29,162.47,168.52,113.95,6.36,10.71,0.78,9949.51,1
Robert,20,82.82,234.67,178.16,67.89,5.78,41.57,0.66,5545.9,1
Emily,41,103.03,222.87,134.53,113.28,4.71,40.42,1.35,5743.37,0
Emily,50,132.09,220.48,91.1,120,5.35,44.05,1.45,9737.56,1
Sarah,49,130.52,192.62,113.84,129.05,4.66,45.83,0.5,7250.1,1
Emily,18,70.18,240.8,91.53,90.83,4.74,11.53,0.66,4767.24,0
Sarah,50,77.01,157.73,148.82,57.14,6.32,43.82,1.43,8156.58,1
James,36,102.86,160.12,136.16,96.78,6.49,34.42,0.94,6373.11,0
Michael,66,109,271.3,131.02,109.79,6.33,35.02,0.96,5943.26,1
Jessica,56,139.54,270.21,109.09,100.43,5.13,15.21,0.77,6375.73,1
Michael,44,147.15,272.84,81.29,117.88,4.86,11.36,0.74,7675.85,0
Sarah,70,75.2,231.65,177.86,72.4,6.17,33.13,0.73,8889.66,1
Daniel,74,160.96,223.76,148.42,123.28,5.97,19.29,0.96,5343.47,0
Sarah,36,189,213.49,176.74,126.32,5.12,27.62,1.05,8673.26,1
Daniel,53,170.57,183.51,92.53,55.91,4.51,21.98,1.26,6947.81,1
Daniel,74,78.49,278.58,129.9,132.01,6.39,15.73,1.39,7488.26,1
Michael,42,164.05,192.35,134.46,87.98,4.61,15.28,1.13,7166.1,0
Laura,75,80.58,243.02,130.94,92.79,6.17,27.73,1.38,9810.63,1
Jessica,41,135.13,289.29,119.91,132.02,6.15,24.98,1.09,8919.22,0
Sophia,32,170.26,172.52,146.96,90.58,5.1,34.93,1.28,5790.33,1
Sarah,43,195.66,217.78,133.04,119.05,4.75,48.81,0.64,4572.44,1
Michael,54,112.46,170.55,145.53,147.02,5.23,27.33,0.77,6358.9,0
Jessica,71,140.63,287.35,137.82,104.21,5.82,16.79,0.77,9639.64,1
Jessica,52,96.29,207.19,95.38,77.09,6.41,42.24,0.9,10187.83,1
Daniel,24,94.63,253.16,166.25,119.7,4.8,13.85,0.75,6856.3,0
Laura,33,196.78,264.37,112.59,131.32,6.41,21,0.91,8840.61,1
Sophia,34,179.58,281.89,152.35,109.85,5.22,12.59,1.23,9873.73,1
Emily,82,179.71,299.02,167.55,146.27,6.43,34.98,1.48,10142.77,1
Robert,72,164.9,164.11,118.34,97.26,4.94,14.85,0.69,5288.85,1
Michael,27,80.35,297.9,81.29,70.31,5.42,12.4,1.17,10050.05,1
Emily,55,84.4,153.91,127.17,90.79,5.35,15.8,1.09,5265.83,1
Laura,60,134.71,170.06,132.54,50.35,5.5,36.94,0.92,6670.5,0
Emily,25,132.53,190.59,103.96,101.44,5.53,41.69,0.91,6536.66,1
Sophia,61,123.54,275.01,80.5,121.92,5.75,48.77,0.7,4039.83,0
Sophia,40,123.19,191.73,120.17,106.08,4.54,12.63,1.26,9916.28,0
Sarah,77,160.98,192.63,96.16,124.36,6.48,47.41,1.4,6498.01,0
Jessica,40,108.09,183.08,129.97,60.2,6.3,29.02,0.58,8081.72,0
Robert,32,92.78,180.32,148.22,104.41,5.35,33.36,0.62,4058.05,0
Laura,78,137.07,201.94,128.95,80.91,6.43,44.38,1.27,5429.33,1
John,27,99.18,225.95,132.74,132.94,5.94,17.21,1.22,10320.44,0
John,88,125.75,160.14,99.7,117.32,5.52,18.85,0.52,7885.35,1
Sarah,24,193.41,201.9,105.65,55.19,5.17,22.07,0.88,8721.91,0
Michael,27,158.25,176.39,100.35,115.09,5.83,17.41,0.56,7748.26,0
Jessica,28,99.59,179.96,129.77,70.57,5.72,38.2,0.87,7237.04,1
Jessica,60,177.73,256.16,154.8,77.96,5.39,29.5,0.82,7661.94,0
John,81,123.04,200.03,138.91,64.13,5.31,17.92,0.85,5530.95,0
John,89,112.91,213.37,128.95,51.23,4.56,28.94,1.18,5348.69,0
Sarah,28,85.87,189.84,106.71,139.22,5.55,27.7,0.76,10709.58,0
Robert,39,196.12,296.24,105.47,149.62,5.26,33.51,1.35,5257.23,0
Emily,85,122.65,204.47,144.31,141.53,5.83,37.65,0.75,7192.97,1
Laura,20,177.9,294.67,137.19,135.01,4.75,28.88,0.9,9635.28,0
John,63,152.49,280.51,98.19,85.02,5.57,20.34,0.93,10730.58,1
Robert,88,123.11,271.09,125.35,118.81,5.57,48.14,0.99,8697.92,1
Sophia,33,145.27,201.26,165.5,117.63,5.66,41.88,1.12,4697.09,1
James,62,161.52,156.95,176.32,103.56,5.97,39.83,0.68,9111.85,1
Sarah,88,115.39,249.84,152.04,71.4,4.75,10.83,0.62,9164.19,1
Sophia,36,110.21,229.66,96.22,100.57,5.48,11.09,1.47,10359.78,0
Sarah,66,121.24,284.52,88.55,99.87,6.48,26.86,0.92,8460.62,1
Jessica,24,161.26,163.75,174.27,50.81,6.12,16.61,1.27,6630.52,1
Michael,38,148.67,268.46,154.69,97.43,5.49,24.07,0.96,5048.67,0
Robert,84,178.14,201.78,169.29,107.46,6.08,22.28,0.79,7520.46,0
Sarah,85,153.51,220.54,146.55,137.58,5.34,32.87,0.89,6089.79,1
Robert,29,93.92,199.48,170.33,80.18,4.67,31.95,0.55,6268.22,0
Emily,68,106.85,220.1,141.66,142.43,4.57,48.55,0.59,4335.19,0
Robert,76,144.77,240.89,94.41,122.03,4.91,27.6,0.92,8009.23,0
Jessica,20,107.51,207.96,133.75,85.29,4.87,21.85,1.31,4899.61,0
Laura,34,103.32,237.2,122.81,70.21,5.86,32.03,0.64,10859.81,0
Sophia,29,86.8,177,119.3,140.27,4.76,13.92,1.46,10200.16,0
Daniel,50,79.11,252.3,143.16,102.05,4.88,42.32,0.87,7992.53,1
Jessica,49,80.52,244.46,168.66,60.08,4.61,34.63,0.82,6008.57,0
Robert,60,136.68,167.12,156.75,117.35,5.77,42.48,0.67,4333.03,1
Robert,61,110.72,253.11,156.06,143.04,5.67,13.22,1.26,5008.37,1
Michael,25,81.49,150,115.64,88.17,5.53,34.04,1.1,8047.53,0
Daniel,57,155.97,283.92,101.01,125.22,5.11,45.57,1.2,8256.58,0
John,62,110.46,265.9,102.42,89.38,6.03,15.93,1.23,10101.74,1
Sarah,46,150.76,154.01,164.89,76.93,4.84,32.02,0.64,10539.6,1
John,41,99.28,184.08,99.11,63.27,4.94,16.78,1.41,10070.27,0
Daniel,35,132.02,180.6,102.02,84.48,5.8,14.42,0.72,5260.83,1
John,82,144.33,276.82,163.12,119.11,6.28,39.83,0.89,8919.37,0
Jessica,84,152.22,162.77,122.16,127.78,5.32,30.9,0.73,8282.95,0
Emily,29,75.48,168.43,169.39,60.77,6.19,10.11,0.98,9314.88,1
Michael,76,107.6,255.36,156.47,89.69,5.27,10.22,0.91,7772.32,0
Emily,44,158.49,195.62,88.32,71.51,6.35,13.34,1.43,4268.61,1
Jessica,48,155.42,288.67,150.04,90.69,5.5,48.75,1.47,6860.57,1
Sarah,27,137.52,190.28,140.63,54.86,5.25,38.6,1.16,6680.79,1
Sophia,55,152.35,187.17,173.36,90.73,5.55,20.21,0.68,6913.81,0
Laura,30,161.23,160.45,85.91,54.75,5.64,29.55,0.67,10810.97,1
Sarah,32,134.67,275.35,150.94,107.08,5.59,16.83,0.66,9877.15,0
Sarah,33,89.5,277.85,92.31,115.33,6.4,39.93,0.96,5251.07,0
Robert,41,160.67,201.97,157,149.81,6.26,26.54,1.11,8932.52,0
Laura,62,110.64,264.66,92.84,113.74,6.04,12.11,1.34,6232.83,1
James,28,83.83,247.39,166.74,145.52,5.46,15.14,0.87,6734.56,0
James,76,100.47,259.72,169.29,105.55,4.57,19.01,1.14,10016.31,0
Robert,55,175.71,154.4,121.72,77.04,6.16,45.72,0.98,10839.95,1
Daniel,86,111.41,215.07,104.44,52.4,4.84,28.15,1.09,6270.23,0
John,72,179.98,165.83,104.82,118.17,5.46,42.97,0.87,4232.02,0
Sarah,88,161.77,212.74,119.32,108.8,6.17,11.43,0.74,8685.77,0
John,35,112.38,234.73,99.77,101.89,5.75,14.63,0.6,10775.8,0
Daniel,45,84.4,199.3,83.39,65.26,5.76,17.64,0.96,8251.45,1
Daniel,75,108.39,168.26,149.04,123.05,4.7,40.21,0.69,5452.19,0
Jessica,56,192.04,166.38,164.71,149.41,4.75,18.64,0.63,10946.89,1
Emily,79,99.04,151.03,140.94,71.4,6.07,14.78,1.07,10038.21,1
Daniel,63,170.37,187.2,171.12,67.56,6.11,23.64,0.87,6117.97,1
Sophia,35,80.62,170.91,80.24,103.51,4.56,31.57,0.76,7566.6,1
Sophia,68,191.56,299.01,135.49,74.79,6.5,30.48,1.26,9328.65,0
Jessica,49,91.37,257.27,135.92,53.48,4.86,27.89,0.9,9659.28,1
Daniel,41,128.51,283.12,146,147.26,6.09,41.81,1.34,10758.77,0
Laura,36,84.95,178.33,164.23,79.89,5.49,17.95,0.92,9493.06,1
Jessica,63,187.65,162.22,86.16,123.95,6.26,24.68,0.8,7405.66,0
Robert,47,174.31,248.67,98.13,95.03,5.68,43.32,0.58,10341.41,0
Laura,81,155.69,279.3,134.09,64,5.44,41.39,1.32,7679.49,1
Michael,84,91.3,234.57,156.9,57.04,6.02,20.11,0.6,9981.73,1
Sarah,72,90.19,234.15,175.43,112.56,4.57,47.31,0.59,9995.83,1
Emily,70,193.29,282.33,151.19,120.67,4.81,48.29,0.69,5157.63,0
Sophia,72,101.83,198.4,156.89,74.98,5.97,34.13,0.7,10063.24,0
Sarah,24,104.41,176.21,122.27,86.33,5.45,11.48,0.83,9070.84,0
Emily,39,92.08,256.62,125.36,59.88,4.72,38.62,1.49,6771.41,0
Robert,79,115.36,267.96,125,112.55,6.03,28.13,1.46,4179.71,1
Daniel,31,108.69,231.5,134.21,52.72,6.31,17.8,1.49,9403.08,1
Robert,83,104.25,287.67,176.49,149.14,6.02,14.09,1.5,4604.64,1
James,61,104.06,186.6,121.08,57.51,5.95,22.54,1.17,6087.06,0
Jessica,51,93.33,214.23,90.21,72.47,5.2,10.83,1.18,10452.47,0
Emily,30,103.82,170.31,131.45,59.33,5.45,26.91,1.07,8283.14,1
Robert,55,72.26,229.38,163.24,57.87,5.4,24.22,0.72,7914.29,1
Sarah,18,184.15,154.68,98.89,103.75,5.79,10.59,0.57,6369.24,0
Daniel,47,194.51,198.49,97.83,81.86,5.5,12.99,0.52,7781.16,1
Sarah,27,178.37,273.51,113.91,53.58,5.21,10.68,1.22,6002.24,0
Emily,49,142.52,163.6,138.42,82.36,5.88,41.99,0.65,9327.19,1
Robert,42,94.55,255.86,97.95,92.29,4.78,27.84,1.43,10775.13,0
Michael,85,167.02,268.01,157.52,135.27,5.85,41.73,1,8731.28,1
Emily,82,80.56,272.1,94.39,97.3,4.99,46.87,0.99,10085.58,1
Sophia,41,161.82,218.3,158.85,60.42,5.38,48.43,0.81,6622.94,1
Michael,86,149.27,221.41,160.27,131.44,4.94,20.43,0.52,4982.28,1
John,60,134.25,275.07,145.16,80.69,5.44,34.45,0.96,8373.54,0
Emily,76,94.08,254.31,122.58,115.63,4.81,24.6,1.02,5867.08,1
John,56,193.41,232.63,156.33,102.59,4.68,37.65,0.62,4872.54,1
Emily,50,133.44,273.24,93.93,136.18,5.34,17.21,0.95,10654.94,0
John,82,107.13,297.17,139.9,149.94,5.44,14.88,1.13,4722.47,1
Sarah,76,113.31,294.67,151.87,80.65,5.79,40.34,1.06,6230.52,0
Sophia,36,176.79,260.73,168.38,59.2,4.67,19.37,1.15,7917.13,1
James,86,99.38,191.45,142.6,119.58,5.38,30.31,0.82,4635.4,1
Robert,53,177.29,170.41,170.93,114.75,5.05,15.18,1,7945.71,1
Laura,57,151.2,252.27,105,139.57,5.49,21.72,1.17,7244.87,0
Robert,55,167.59,275.59,138.68,139,4.73,46.82,1.26,7500.1,1
Emily,84,190.04,254.82,129.52,122.56,5.16,20.85,0.95,7017.15,0
Jessica,72,138.61,164.78,83.78,137.61,5.04,38.29,1.45,4377.83,0
Daniel,32,192.82,168.39,134.67,126.67,6.13,46.75,1.02,10578.35,1
Sarah,21,183.26,178.14,148.05,74.23,6.02,46.43,1.1,4615.51,0
Sophia,22,118.12,298.15,135.82,105.89,6.1,41.3,0.8,4994.73,0
Sarah,49,138.3,257.94,107.34,103.33,4.95,44.85,1.14,8240.77,1
Daniel,45,106.54,185.76,135.09,139.41,5.56,10.51,1.13,9413.25,0
Laura,77,140.74,244.58,151.87,135.57,5.51,29.44,1.5,6413.76,0
Daniel,42,97.07,298.94,134.04,104.18,4.82,37.15,1.17,5265.97,1
Jessica,23,122.72,196.75,164.71,72.27,4.66,46.82,1.27,5166.82,0
James,65,78.48,207.5,171.88,148.83,5.07,47.3,1.02,5376.62,1
Robert,50,144.88,153.73,118.77,89.04,5.91,35.01,0.83,5569.19,1
Jessica,31,168.22,204.1,96.17,112.16,6.14,40.2,1.49,5338.93,1
Michael,29,161.33,260.97,160.08,115.48,5.19,40.01,1.03,6980.49,0
James,69,185.33,162.95,155.77,59.65,6.07,31.31,1.39,9587.79,0
Robert,53,120.86,295.15,88.6,66.87,4.77,23.1,1.49,9370.58,0
Emily,35,183.94,203.98,99.57,57.53,6.42,47.16,0.78,9830.98,1
John,20,124.4,286.42,163.47,121.15,6.24,15.48,1.03,10044.95,0
Daniel,34,109.43,199.15,110.4,61.28,5.18,16.51,0.66,5539.02,1
Jessica,45,78.56,226.83,178.55,115.5,4.63,33.58,1.01,7888.52,1
Daniel,21,177.96,151.57,96.68,55.45,6.37,36.2,1.14,4523.33,1
Daniel,23,196.79,178.47,172.85,93.73,5.12,34.99,1.03,9877.55,1
Daniel,59,85.53,235.73,156,145.43,6.21,37.52,0.91,6533.45,1
Robert,23,127.06,273.56,136.72,57.18,5.32,10.06,1.46,5409.77,0
John,74,108.79,221.12,117.62,61.31,5.11,42.77,1.01,5176.06,1
John,58,92.82,297.68,175.08,50.85,6.47,23.29,0.78,5134.85,0
John,37,152.18,250.38,91.2,72.49,5.15,42.19,1.46,8150.75,0
Robert,49,135.68,166.43,150.33,128.68,4.98,41.23,1.18,6955.19,1
Emily,30,199.88,233.96,165.68,72.4,5.27,45.29,1.36,8639.9,0
John,76,130.15,210.04,152.66,107.93,6.39,28.68,0.9,6753.27,0
Sophia,88,109.29,210.15,99.14,138.23,6.29,44.82,1.42,6425.48,1
John,73,146.55,176.37,149.23,101.9,4.62,27.05,1.18,6688.45,1
Jessica,42,95.25,172.72,158.65,107.48,5.64,45.59,1.19,8976.59,0
Robert,80,180.72,178,109.34,133.4,4.98,36.65,0.67,5947.02,1
Sarah,32,136.75,221.9,171.1,80.9,6.12,10.81,0.87,8683.97,1
Daniel,68,70.04,209.65,87.86,87.32,5.08,44.07,0.79,10183.7,0
Daniel,89,159.07,152.16,95.32,53.59,6.33,38.77,0.82,4991.22,1
Sarah,28,111.73,258,143.97,104.03,4.51,43.86,1.33,7039.33,1
Michael,64,76.36,152.03,109.89,50.72,5.62,44.28,0.57,7551.93,1
James,87,158.28,259.78,92.56,55.9,5.89,19.06,1.49,4293.21,0
Michael,48,143.61,251.52,129.97,108.05,5.9,35.1,1.01,5511.86,0
Jessica,19,148.18,183.84,84.4,52.88,5.41,17.1,1.06,4792.56,0
Michael,77,142.62,236.28,162.74,71.96,5.64,15.08,1.48,10107.38,1
Robert,52,156.05,189.02,123.33,66.32,5.89,46.91,1.01,4887.44,0
James,69,121.66,150.92,174.76,117.33,4.88,24.6,1.04,7492.89,1
Robert,63,164.63,186.39,105.58,136.74,6.45,35.56,1.43,9974.05,1
Sophia,85,166.31,156.08,139.16,83.7,4.8,47.86,0.91,7647.91,1
James,51,169.99,150.85,90.23,101.25,6.27,44.79,1.02,6215.74,0
James,75,133.66,294.36,158.87,105.53,5.8,31.72,0.52,6202.05,0
Sophia,39,153.11,174.24,159.65,98.66,5.87,12.52,1.5,7234.59,0
Sophia,38,159.74,271.47,172.41,115.92,5.58,12.99,0.58,7877.46,0
Laura,41,191.67,236.86,167.47,119.07,4.86,27.68,0.61,10173.15,1
Emily,45,116.2,217.46,132.64,79.41,4.59,29.56,1.36,6106.14,1
Sophia,53,146.73,256.53,151,67,4.71,33.1,0.95,8037.66,1
Jessica,63,93.3,231.78,117.72,59.38,6.19,20.04,0.88,6509.45,0
Jessica,70,108.23,296.61,124.68,132.69,5.32,31.68,1.48,7274.79,0
Jessica,22,168.05,232.95,119.57,146.96,4.51,39.53,1.44,8430.74,0
James,87,99.05,176.6,152.98,71.06,6.29,46.08,1.45,4249.62,1
Daniel,50,178.02,187.77,166.76,122.81,5.99,12.7,1.3,8383.18,1
Michael,47,87.02,259.45,128.23,78.54,5.96,25.63,0.89,4726.88,0
Daniel,64,82.91,254.28,148.13,53.06,6.12,27.8,0.85,6092.84,1
Robert,75,73.38,205.64,93.54,81.01,6.01,27.62,0.91,9731.45,0
Laura,80,188.17,289.05,148.31,70.71,5.28,43.9,0.6,7380.42,0
James,21,101.3,250.59,155.57,54.67,5.2,48.09,1.17,8378.76,1
Michael,76,167.78,190.86,132.18,136.4,5.31,35.96,1.16,6229.41,1
Laura,35,124.46,252.52,170.65,105.76,4.62,45.46,0.56,10229.59,0
Laura,67,151.18,271.06,140.52,65.79,5.16,27.83,1.1,10307.68,1
Daniel,27,117.16,235.29,153.22,142.96,5.69,13.36,0.64,9006.5,0
Robert,66,103.23,194.19,165.19,91.95,4.79,45.37,1.37,8716.41,1
James,59,185.39,217.53,141.34,95.28,6.27,10.38,1.37,6137.87,1
John,59,112.41,184.73,150.43,93.66,5.52,16.71,0.75,7888.37,0
Sophia,30,80.16,211.26,103.93,136.66,4.65,37.07,1.39,8500.2,0
John,80,87.66,231.72,160,51.36,4.8,44.53,0.72,5253.17,0
James,43,110.69,220.12,164.51,52.95,4.56,25.52,1.43,5003.44,0
Sophia,18,71.79,231.63,122.24,122.2,6.28,45.81,0.77,9067.34,1
Sarah,24,104.17,193.06,156.83,137.8,5.55,22.74,1.25,6354.34,0
Michael,85,141.93,271.31,167.98,119.15,4.85,38.01,1.27,7483.54,1
John,74,176.14,206.44,99.45,105.42,6.37,46.64,1.26,4806.29,1
Sarah,33,148.86,199.54,99.49,141.61,5.38,17.19,0.7,5623.12,1
James,47,176.73,241.88,80.4,133.63,6.49,40.53,0.58,6034.01,0
Jessica,63,113.96,207.31,127.11,144.87,5.74,32.15,0.78,6070.93,0
Robert,79,143.92,182.51,137.26,106.17,5.04,33.77,1.43,8842.54,0
Michael,50,145.81,264.31,116.47,80.23,6.44,27.88,0.64,7056.35,1
Sophia,27,115.74,232.5,142.3,92.97,4.91,28.18,0.84,5244.54,0
James,67,133.32,294.86,83.29,98.6,5.92,39.46,0.66,4338.07,0
Laura,20,75.82,207.46,134.76,54.86,5.31,20.08,0.64,5242.37,0
John,51,102.48,286.99,107.68,77.13,5.78,40.76,0.59,6468.89,0
Robert,30,147.74,292.85,111.83,127.68,6.04,37.01,1.26,4352.42,1
Sophia,52,129.44,168.37,136.62,102.56,5.26,21.32,0.51,9643.23,0
Michael,73,127.56,158.24,160.29,65.09,5.11,23.08,1.47,10069.06,0
Sarah,67,80.86,298.83,176.1,59.87,6.46,41.68,1.43,6153.12,0
Robert,18,134.22,156.35,98.11,111.22,4.7,24.87,0.8,5086.21,1
Sarah,82,76.23,237.83,164.96,128.18,5.18,40.03,0.55,10324.33,0
Daniel,25,96.43,163.17,87.66,126.97,6.26,31.05,1.41,7895.87,0
Sophia,23,108.86,278,136.39,93.22,4.73,17.4,0.67,8663.84,1
Daniel,54,119.6,211.62,95.72,139.16,6.4,17.43,1.15,9494.7,1
Emily,71,148.24,262.61,153.73,63.62,4.91,17.89,1.37,7705.95,0
Emily,67,99.09,260.75,128.8,101.44,6.2,35.49,0.61,8853.85,1
Laura,23,169.56,162.96,164.77,87.82,5.84,19.06,1.01,10905.47,0
Jessica,69,181.2,172.98,132.33,86.3,5.51,47.81,1.46,4720.86,0
Laura,80,198.52,278.74,88.32,129.3,4.75,45.74,0.59,7194.78,1
Sarah,46,77.44,246.77,145.59,96.68,5.68,34.18,1.38,7071.56,0
Emily,79,84.21,277,161.47,149.04,5.57,28.38,1.07,7982.14,0
Emily,32,148.88,151.48,101.67,117.57,4.53,43.58,0.75,9999.07,0
Sarah,89,161.2,291.51,108.85,50.91,6.45,45.06,0.97,4489.65,0
John,73,193.88,242.4,161.42,83.54,6.37,24.74,1.07,7335.03,1
Jessica,50,169.52,290.87,143.27,82.92,6.03,38.26,1.14,5115.94,1
James,18,104.2,254.42,127.69,87.12,5.51,25.46,0.78,4961.02,0
Emily,60,156.81,224.04,159.05,125.75,6.34,29.52,0.62,5572.08,1
John,37,140.26,277.31,105.06,63.27,4.9,49.4,0.75,10216.23,0
Laura,41,147.54,240.5,118.32,81.17,4.94,46.34,1.08,8036.29,1
Michael,36,150.87,274.65,122.52,108.02,5.77,27.48,0.53,8879.71,0
Laura,85,91.78,292.04,152.59,134.07,5.66,33.13,1.49,7527.69,0
Robert,32,170.22,194.73,149.15,134.91,4.55,24.85,0.89,10502.39,1
Daniel,79,157.51,176.84,146.75,64.09,5.44,39.97,1.48,5487.15,0
Michael,27,175.39,162.22,140.69,62.07,5.12,18.66,1.45,4556.26,1
Daniel,68,103.41,163.74,122.65,132.11,4.98,44.49,1.1,10609.71,0
James,59,143.32,255.97,95.39,51.53,5.77,27.45,1.28,4455.26,0
Emily,29,154.53,200.96,116.44,69.29,4.94,18.57,1.09,8617.04,0
James,28,131.81,171.5,164.55,73.07,4.57,37.08,0.86,4862.64,1
Daniel,40,126.11,294.99,161.95,142.74,4.61,43.03,1.31,9800.5,1
James,26,154.52,157.24,117.54,93.03,5.4,23.61,0.55,6444.92,0
Jessica,54,198.68,206.2,140.82,83.94,5.69,31.75,0.93,4027.46,1
Robert,63,148.43,168.92,108.43,87.19,6.27,26.34,0.69,5521.63,0
Laura,51,117.77,211.04,157.8,75.33,6.23,12.81,1.43,10050.3,0
Michael,41,152.28,291.2,102.14,60.81,6.19,30.15,0.97,9848.57,1
Sophia,33,92.86,273.2,119.71,96.83,5.76,25.98,0.82,8058.06,1
Emily,74,164.02,184.82,165.29,53.26,4.92,23.64,0.93,8883.32,1
Michael,55,157.18,278.07,175.88,140.7,5.81,20.87,0.94,9280.81,1
Jessica,32,122.89,159.34,118.62,55.29,5.55,23.16,1.09,7834.86,0
Michael,66,152.79,177.55,137.62,133.64,5.11,35.75,1.16,6335.38,0
Jessica,67,79.31,290.47,124.33,56.43,5.47,20.5,0.63,10029.91,1
Sarah,40,186.76,162.94,179.46,119.37,5.95,41.22,0.7,7167.23,0
James,28,151.48,170.6,123.03,56.36,5.1,20.38,0.53,7424.81,0
John,81,76.84,206.31,126.68,51.66,5.51,32.31,1.18,10719.93,1
John,66,86.39,294.37,114.55,122.29,4.94,42.98,0.91,6306.32,1
Michael,85,162.01,280.92,98.29,130.73,5.26,15.64,0.96,10826.23,1
Daniel,57,94.52,164.6,107.23,130.21,4.57,31.82,1.49,6902.96,0
James,86,189.06,221.69,176.28,76.86,4.85,28.05,0.54,8801.25,1
James,60,97.06,187.04,83.43,81.36,4.69,13.11,0.79,4336.82,0
Emily,69,169.15,190.88,173.28,131.09,5.76,32.72,0.66,10593.42,0
John,28,164.07,231.15,164.41,149.07,5.49,13.44,0.67,8966.29,1
John,67,103.49,289.23,158.69,92.07,6.43,26.63,0.74,4307.05,1
Michael,64,155.88,278.91,173.31,134.2,5.59,45.53,0.71,6327.29,0
Michael,89,170.83,201.96,175.44,116.94,5.12,11.06,1.34,5624.61,1
John,69,158.6,269.5,118.46,148.16,4.61,24.04,1.35,8455.99,1
John,60,196.36,150.58,177.26,106.06,5.08,22.52,1.02,4888.43,0
Laura,27,170.53,222.23,94.72,64.72,4.82,27.56,1.46,7978.93,1
Jessica,51,110.04,160.04,85.14,94.82,5.59,25.1,0.81,6727.24,1
Daniel,44,172.66,249.26,146.88,73.71,5.51,10.86,1.43,6236.42,1
Sarah,57,184.92,290.46,140.85,116,6.32,10.81,1.46,5284.26,0
Emily,58,189.65,200.65,172.15,79.51,5.5,46.07,0.82,7571.04,0
Laura,40,113.35,282.16,83.97,99.92,4.84,10.98,0.72,8241.63,0
Sarah,60,123.79,237.87,99,95.56,4.77,23.13,0.91,8378.66,1
Laura,40,156.11,237.47,108.7,74.75,5.22,48.19,0.62,10391.37,0
Laura,55,146.39,285.67,158.93,59.1,4.86,29.92,1.21,9303.89,1
Daniel,51,145.01,173.4,119.81,107.88,4.67,42.04,0.97,9730.55,0
Sophia,83,155.15,292.83,113.12,115.13,5.63,48.85,0.95,9230.18,0
Laura,84,115.4,266.84,156,112.84,5.52,33.39,0.87,5421.56,1
Daniel,20,190.13,164.91,105.5,70.41,5.05,25.14,0.86,10614.98,0
Sarah,81,117.01,270.47,123.27,141.49,5.39,33.2,0.52,4790.69,1
Laura,87,151.59,150.61,124.03,59.43,5.48,11.65,1.18,5137.31,0
Daniel,30,78.31,292.78,112.86,83.51,5.36,43.14,1.35,10274.33,1
Michael,72,104.19,298.11,169.39,95.69,6.33,45.38,1.42,4372.47,1
Laura,82,133.42,191.64,89.24,120.13,6.01,33.38,1.17,8659.52,1
Michael,62,86.88,241.86,131.93,112.03,5.15,43.81,1.13,5157.21,0
John,89,182.86,236.99,132.32,87.45,4.62,32.27,1.42,10199.84,0
Jessica,64,110.77,230.96,172.62,73.65,5.7,11.74,0.64,6542.84,1
Sophia,71,120.52,222.11,93.26,149.92,6.44,28.71,0.84,9276.57,1
Emily,25,109.59,185.37,94.43,84.49,6.05,15.74,1.41,9307.69,1
Daniel,58,77.08,229.44,98.41,86.32,6.35,18.84,1.32,4834.58,0
John,46,130.7,176.45,142.88,105.42,5.88,48.33,0.85,7004.05,1
Emily,59,151.46,207.09,85.22,100.28,5.37,36.66,1.17,10538,0
James,22,122.8,152.6,89.04,104.29,5.45,42.39,0.72,10755.3,0
Jessica,89,100.46,200.66,151.68,116.15,5.33,20.44,1.48,7089.19,1
Laura,25,99.63,268,168.21,108.17,6.43,42.04,0.94,7262.08,0
John,20,106.75,243.18,179.42,53.19,6.28,45.33,0.85,7119.68,0
Jessica,44,87.91,257.48,133.66,134,6.09,22.12,1.37,9640.32,1
Laura,46,152.04,274.31,164.69,108.81,5.12,10.53,1.48,5695.44,0
Laura,46,165.43,178.32,130.9,146.78,5.8,42.95,0.67,7954.99,0
John,30,190.68,211.68,130.99,80.96,6.45,17.43,1.23,4077.49,1
John,27,114.72,255.43,143.43,100.83,4.86,25,1.34,10426.29,0
Jessica,33,108.05,215.22,156.85,87.34,6.29,10,0.86,7351.55,1
Daniel,42,183.95,234.93,146.5,125.64,5.78,24.07,1.3,6124.41,0
Michael,21,176.87,183.62,111.88,97.46,5.37,48.32,1.2,7719.92,1
James,89,179.5,241.59,145.86,83.67,5.36,39.94,0.68,10336.59,0
Daniel,72,178.89,252.22,145.47,92.5,5.97,10.36,0.78,10861.26,1
Michael,69,101.91,290.58,129.59,128.95,5.39,42.05,1.32,10616.12,1
Sophia,45,93.13,199.36,173.34,117.27,4.97,33.25,0.97,4834.47,0
Robert,76,79.15,271.05,159.87,58.49,6.31,35.01,0.5,9043.79,1
James,43,161.26,205.09,115.59,104.88,5.87,26.16,0.96,9205.33,0
Sarah,65,130.07,256.07,83.21,147.68,5.67,36.94,1.47,10960.24,0
Sophia,67,141.13,212.04,160.57,97.7,6.06,13.92,0.75,9916.41,1
Jessica,60,155.06,280.57,129.52,79.55,4.91,35.02,1.4,6634.41,0
Laura,75,156.71,173.92,178.02,99.91,5.44,18.66,0.73,8807.4,1
Jessica,67,173.27,186.72,128.39,119.84,5.14,45.24,1.45,6356.85,0
Daniel,35,187.28,154.45,88.15,61.52,5.03,45.85,0.82,8026.2,1
Daniel,27,125.73,268.69,127.28,137.56,4.76,38.31,1.3,8578.03,0
Emily,84,167.69,263.2,114.8,100.69,5.8,17.35,0.84,8204.98,0
John,78,119.12,208.96,117.13,89.11,5.45,14.61,0.74,7279.87,0
Laura,85,174.23,270.69,112.37,137.04,6.48,30.14,1.27,6310.71,0
Michael,22,173.39,223.68,126.17,57.35,6.33,29.3,1.19,4029.7,0
Sarah,79,110.34,228.2,144.41,90.28,5.9,38.54,0.74,10152.29,1
Sarah,21,134.77,185.33,143.44,86.23,4.56,12.36,1.1,6389.43,0
Robert,78,73.33,232.72,89.13,76.7,6.47,31.41,0.61,4704.8,0
Michael,56,137.95,215.69,80.81,86.88,6.11,37.59,0.75,9829.94,1
Emily,74,109.08,190,123.77,134.57,5.01,13.36,1.34,7422.78,0
Michael,78,181.16,157.36,119.41,79.84,4.59,49.35,1.04,8961.71,1
James,70,179.87,236.28,95.04,105.06,6.26,34.19,0.73,10830.03,0
Sarah,60,175.83,290.27,119.66,65.48,4.75,38.05,1.08,5225.46,1
Robert,80,196.86,253.49,167.52,78.3,5.72,24.59,1.31,7133.35,1
Jessica,89,174.2,167.54,148.19,93.13,5.05,34.84,0.93,4161.49,0
Sophia,36,137.05,187.84,111.96,55.5,6.38,39.47,0.71,7191.5,0
Daniel,30,85.47,268.01,142.3,55,6.49,42.48,0.82,7361.57,1
Robert,89,173.69,196.33,94.95,61.42,5.11,23.78,1.1,6609.91,1
Daniel,18,190.74,296.2,156.37,134,6.2,20.68,1.07,4576.09,0
Laura,47,79.43,151.78,98.31,80.63,6.03,26.91,1.44,5010.62,1
Emily,60,81.72,191.91,109.64,130.26,4.67,31.96,0.67,7987.39,1
Jessica,40,150.1,252.94,138.9,133.39,5.05,33.32,1.34,8844.46,0
James,29,78.55,262.36,164.6,125.43,5.56,19.88,0.57,8363.83,1
Jessica,28,157.46,246.75,154.38,137.46,4.71,16.3,0.63,6083.19,1
John,28,111.88,286.58,140.98,142.13,6.08,27.65,1.38,7074.69,0
Emily,66,82.95,259.15,130.01,120.04,5.35,37.18,1.38,8209.22,0
James,69,185.96,218.45,110.51,51.29,4.73,20.82,0.67,9055.25,0
Laura,32,191.03,150.44,170.53,75.21,5.9,27.28,1.07,10781.24,0
Laura,29,124,225.93,115.51,124.08,5.35,46.37,0.93,10485.3,0
Sarah,88,84.26,285.78,175.86,79.16,5.02,18.91,1.04,4126.61,0
Robert,42,147.99,182.66,124.88,87.91,6.47,45.82,1.05,10450.06,0
James,88,74.41,179.17,86.49,141.05,5.4,31.82,0.85,6735.46,1
Daniel,38,161.52,252.25,164.7,84.52,6.24,44.56,1.31,10677,0
John,23,82.89,210.08,161.7,138.55,4.7,29.84,0.78,9404.25,1
James,23,98.42,212.37,175.29,144.23,6.31,22.52,1.22,5859.7,0
John,73,170.29,165.93,133.03,101.5,5.96,31.49,0.69,8778.56,0
John,23,71.28,287.51,108.69,73.21,5.12,10.73,0.78,9875.34,0
James,33,93.47,297.83,136.03,129.86,6.14,25.34,1.03,10662.25,0
Laura,22,154.68,287.29,88.57,93.08,6.21,38.94,1.02,8104.62,0
Robert,62,128.35,186.39,163.03,107.1,5.53,45.91,0.84,8673.62,1
Jessica,58,184.85,298.61,111.8,64.51,4.52,48.04,1.12,5062.65,0
Sophia,33,118.88,285.05,102.8,87.46,5.82,15.63,0.84,5469.43,0
John,35,163.66,203.72,83.58,142.07,6.46,36.77,0.76,4716.97,0
Sophia,72,198.24,218.87,111.45,68.15,5.49,18.17,1.31,10135.92,1
Daniel,76,143.1,183.11,87.91,67.33,5.39,15.95,0.88,6643.09,1
John,47,160.48,234.26,153.7,55.94,4.65,42.73,1.14,10469.38,0
James,46,138.74,231.12,146.19,70.09,4.59,42.44,0.69,10854.36,0
Sophia,68,93.74,223.53,137.69,71.79,5.8,46.41,0.58,10517.47,1
Michael,54,112.28,294.64,130.67,129.73,4.67,44.63,1.15,9463.16,0
John,36,143.79,152.61,132.48,93.06,5.51,20.63,1.39,10363.03,0
Laura,82,134.86,228.71,119.89,149.52,5.36,25.18,0.68,10855.9,0
John,66,160.39,259.89,134.81,143.37,5.95,27.71,1.47,8885.63,1
John,18,94.2,285.74,109.07,88.2,4.71,12.26,0.5,8398.86,1
Michael,50,74.62,204.27,105.19,83.04,5.47,21.5,1.19,4895.71,1
Robert,43,126.75,150.22,164.9,62.16,6.05,46.32,1.14,5917.92,1
Emily,41,117.57,163.63,132.94,123.01,4.55,45.6,1.33,4061.05,0
Robert,55,137.64,177.07,129.33,72.15,6.2,40.1,1.13,8255.85,1
Sophia,61,158.82,299.3,137.2,99.1,6.28,16.57,1.14,7220.92,0
Sophia,47,85.9,209.16,80.82,114.75,5.42,33.4,1.09,7704.38,1
John,89,187.93,267.6,142.23,57.68,6.41,12.15,1.06,8818.43,1
Jessica,53,133.31,183.66,83.42,50.65,5.7,29.32,0.91,10102.08,0
Jessica,43,126.02,190.66,166.82,132.12,5.52,17.21,0.51,5462.42,0
Jessica,54,176.62,204.19,116.16,118.85,5.93,19.16,0.67,6310.93,1
Daniel,63,101.88,242.56,168.28,138.96,4.82,24.17,0.84,6989.33,1
Sarah,61,194.12,249.25,139,82.86,5.75,18.42,1.41,8109.83,1
John,24,171.14,228.09,126.7,105.1,6.25,19.74,0.56,9898.43,1
Sarah,87,130.21,157.17,150.4,82.26,5.33,31.57,0.54,5710.79,0
James,65,80.12,246.29,133.97,108.96,5.77,28.96,1.46,8782.87,1
Daniel,83,169.86,169.99,169.68,66.42,5.96,33.86,1.04,8521.53,0
John,41,120.84,240.51,147.97,120.7,5.92,34.02,1.35,6541.32,1
Sophia,20,123.21,279.03,128.36,137.78,6.48,47.92,0.84,5611.91,1
Laura,86,138.76,295.46,100.12,148.98,5.18,25.96,1.32,10123.23,1
Emily,68,81.73,187.49,90.12,117.85,4.63,35.44,1.24,5091.91,1
Robert,42,84.07,237.98,99.88,110.48,5.83,28.02,0.75,9097.74,0
Sophia,61,99.21,206.3,96.88,104.91,5.15,41.25,0.59,6659.32,1
Sarah,24,195.94,277.97,167,93.36,5.86,18.76,0.82,8730.57,0
John,34,133.54,252.48,132.95,147.58,6.22,45.34,1.48,6010.11,1
Jessica,58,153.32,244.22,154.46,51.8,5.45,30.11,1.38,4585.5,1
Daniel,72,193.38,251.35,80.64,106.3,5.75,46.66,0.53,8515.72,0
Daniel,77,118.45,251.81,109.79,86,4.74,25.04,1.24,7479.49,1
Sarah,69,180.73,155.43,133.99,108.45,6.07,45.16,1.08,8452.13,1
Sophia,33,175.63,177.88,172.03,120.54,6.01,10.79,1.03,8782.48,0
Laura,55,192.28,298.33,120.02,77.56,5.46,21.07,0.93,4431.62,0
James,63,168.33,185.57,116.63,118.49,6.4,10.56,0.68,5163.21,1
John,42,122.26,162.27,149.86,99.76,5.05,42.56,1.06,4028.82,0
Michael,53,114.08,258.22,135.48,85.51,6.37,30.77,0.99,8722.74,0
Emily,69,91.73,252.43,101.66,127.49,5.02,42.53,1.01,8092.43,0
Robert,73,141.89,267.84,100.78,83.93,4.55,41.74,0.75,9266.45,1
Emily,43,126.21,180.53,92.84,126.64,6.48,43.48,0.58,8657.03,1
James,68,152.37,257.77,164.88,73,5.64,16.39,0.95,6434.06,1
Daniel,29,81.29,173.17,135.7,57.18,5.6,22.68,1.44,6863.84,1
Michael,59,162.39,274.3,177.62,132.95,6.14,27.74,1.42,4242.34,1
Emily,41,164.44,158.61,127.61,106.62,5.81,36.1,0.6,7795.69,1
Sophia,83,159.23,215.51,105.03,108.18,4.58,23.72,0.74,8623.05,0
Jessica,30,146.94,236.41,116.89,75.29,4.84,13.81,1.01,10699.96,1
Jessica,49,198.11,167.65,112.31,122.22,6.44,20.98,0.98,7882.11,1
Robert,30,146.46,152.04,80.19,73.17,6.03,23.43,1.18,10287.64,0
Sarah,42,115.75,212.44,92.95,53.1,5.65,21.03,0.95,6940.12,0
Sarah,27,133.64,262.12,174.4,60.54,5.5,31.42,1.43,6437.83,0
Michael,26,198.12,205.21,135.62,131.2,5.2,35.06,0.89,5916.22,1
Laura,46,185.31,293.87,102.03,76.84,6.03,30.66,1.09,7598.28,0
Michael,29,159.21,220.31,129.11,107.37,4.83,21.95,0.73,5434.63,0
John,79,110.41,175.62,85.69,141.52,6.27,19.67,0.85,5519.42,1
Jessica,55,167.54,220.6,116.26,88.33,5.45,38.41,0.92,4426.61,0
Sophia,66,175,272.86,176.41,104.94,6.3,37.45,0.53,8047.71,1
Emily,77,96.99,163.36,97.84,87.33,4.68,48.66,0.63,4493.72,0
Sarah,34,133.19,238.19,89.56,110.56,5.16,31.72,1.49,8909.99,0
Laura,83,144.87,171.67,91.75,135.1,5.12,16.11,1.43,8325.06,0
Sarah,30,140.48,226.92,130.76,80.23,4.89,21.48,1.36,7056.93,1
John,61,87.75,276.95,152.99,89.47,6.48,43.5,1.36,4610.46,1
Emily,69,138.5,230.85,167.29,121.79,6.49,33.27,1.3,8445.48,0
Jessica,67,129.7,173.12,168.54,93.27,4.82,44.45,0.57,5175.09,1
Robert,72,86.87,218.5,155.34,94.04,4.89,23.68,0.62,4047.09,1
Emily,24,113.55,211.37,106.57,73.12,4.76,48.78,1.4,7802.97,0
Michael,87,174.71,155.11,123.98,69.68,5.81,14.66,1.24,4006.96,0
Jessica,52,158.8,281.43,95.03,109.88,5.73,33.74,0.71,9875.13,0
Daniel,40,115.26,184.41,102.37,109.46,6.43,33.48,1.21,7972.47,0
Emily,83,121.54,211.59,139.5,72.33,5.98,24.59,1.26,6569.3,0
Daniel,58,183.53,197.4,147.74,135.81,6.03,36.12,0.96,9159.05,1
Emily,25,158,250.91,136.55,110.68,5.9,28.38,1.03,7697.86,0
Daniel,24,97.14,238,159.84,126.76,6.24,38.63,0.69,9470.86,0
Emily,74,107.53,189.41,172.42,149.69,5.33,46.82,0.59,7159.46,0
Sophia,83,111.89,212.33,123.88,124.89,5.12,43.61,1.33,8829.28,0
John,26,142.92,247.08,167.89,110.86,5.12,34.06,0.61,7759.87,1
Robert,27,130.25,193.14,147.19,108.11,5.88,37.65,1.45,8254.7,0
Laura,71,112.91,277.01,125.44,89.08,5.93,38.17,0.95,4657.24,0
